success,answer,response_time_ms,api_type,embedding_model,answer_length,answer_word_count,num_documents,processing_steps,model_info,question,category,difficulty,expected_keywords,keyword_score,structure_score,completeness_score,overall_quality
True,"Berdasarkan PP No. 32 Tahun 1996 (berlaku) Pasal 1, definisi tenaga kesehatan adalah:

""Setiap orang yang mengabdikan diri dalam bidang kesehatan serta memiliki pengetahuan dan/atau keterampilan melalui pendidikan di bidang kesehatan yang untuk jenis tertentu memerlukan kewenangan untuk melakukan upaya kesehatan.""

Definisi ini merupakan acuan resmi yang berlaku saat ini mengenai tenaga kesehatan menurut peraturan pemerintah di Indonesia. 

Perlu dicatat bahwa UU No. 36 Tahun 2009 yang sebelumnya mengatur tenaga kesehatan telah dicabut, sehingga definisi dan ketentuan terkait tenaga kesehatan merujuk pada PP No. 32 Tahun 1996 yang masih berlaku.",5987,simple,small,653,90,4,1,"{'model': 'text-embedding-3-small', 'table': 'documents_small', 'dimensions': 1536}",Apa definisi tenaga kesehatan menurut undang-undang?,definisi,easy,"['tenaga kesehatan', 'setiap orang', 'pendidikan']",1.0,0.4,1.0,0.7999999999999999
True,"Berdasarkan PP No. 32 Tahun 1996 (berlaku) Pasal 1 ayat (1), definisi tenaga kesehatan adalah:

""Setiap orang yang mengabdikan diri dalam bidang kesehatan serta memiliki pengetahuan dan/atau keterampilan melalui pendidikan di bidang kesehatan yang untuk jenis tertentu memerlukan kewenangan untuk melakukan upaya kesehatan.""

Definisi ini juga sejalan dengan yang tercantum dalam UU No. 36 Tahun 2009 (dicabut) Pasal 1 ayat (6), yang menyatakan bahwa tenaga kesehatan adalah setiap orang yang mengabdikan diri dalam bidang kesehatan serta memiliki pengetahuan dan/atau keterampilan melalui pendidikan di bidang kesehatan yang untuk jenis tertentu memerlukan kewenangan untuk melakukan upaya kesehatan.

Namun, karena UU No. 36 Tahun 2009 sudah dicabut, definisi yang berlaku saat ini merujuk pada PP No. 32 Tahun 1996 yang masih berlaku.",10297,simple,large,837,119,4,1,"{'model': 'text-embedding-3-large', 'table': 'documents', 'dimensions': 3072}",Apa definisi tenaga kesehatan menurut undang-undang?,definisi,easy,"['tenaga kesehatan', 'setiap orang', 'pendidikan']",1.0,0.4,1.0,0.7999999999999999
True,Definisi tenaga kesehatan menurut undang-undang adalah setiap orang yang mengabdikan diri dalam bidang kesehatan serta memiliki pengetahuan dan/atau keterampilan melalui pendidikan di bidang kesehatan yang untuk jenis tertentu memerlukan kewenangan untuk melakukan upaya kesehatan (PP No. 32 Tahun 1996 Pasal 1).,21372,multi,small,312,41,5,3,"{'model': 'small', 'parallel_execution': False, 'cached': False, 'modular_architecture': True, 'version': '2.0.0'}",Apa definisi tenaga kesehatan menurut undang-undang?,definisi,easy,"['tenaga kesehatan', 'setiap orang', 'pendidikan']",1.0,0.2,0.812,0.6706666666666666
True,"Definisi tenaga kesehatan adalah setiap orang yang mengabdikan diri dalam bidang kesehatan serta memiliki pengetahuan dan/atau keterampilan melalui pendidikan di bidang kesehatan yang untuk jenis tertentu memerlukan kewenangan untuk melakukan upaya kesehatan (PP No. 32 Tahun 1996 Pasal 1).

Tenaga kesehatan terdiri dari berbagai jenis, yaitu:
- Tenaga medis (dokter dan dokter gigi)
- Tenaga keperawatan (perawat dan bidan)
- Tenaga kefarmasian (apoteker, analis farmasi, dan asisten apoteker)
- Tenaga kesehatan masyarakat (epidemiolog kesehatan, entomolog kesehatan, mikrobiolog kesehatan, penyuluh kesehatan, administrator kesehatan, dan sanitasi)
- Tenaga gizi (nutrisionis dan dietisien)
- Tenaga keterapian fisik (fisioterapis, okupasiterapis, dan terapis wicara)
- Tenaga keteknisian medis (radiografer, radioterapis, teknisi gigi, teknisi elektromedis, analis kesehatan, refraksionis optisien, otorik prostetik, teknisi transfusi, dan perekam medis) (PP No. 32 Tahun 1996 Pasal 2).",2924,multi,large,991,127,5,1,"{'cached': True, 'cache_type': 'redis_exact', 'embedding_model': 'large', 'modular_architecture': True}",Apa definisi tenaga kesehatan menurut undang-undang?,definisi,easy,"['tenaga kesehatan', 'setiap orang', 'pendidikan']",1.0,0.6,1.0,0.8666666666666667
True,"Berdasarkan UU No. 17 Tahun 2023 Pasal 260 ayat (2) dan PP No. 28 Tahun 2024 Pasal 678 ayat (2) (kedua peraturan ini berstatus berlaku), STR (Surat Tanda Registrasi) bagi dokter dan tenaga medis lainnya diterbitkan oleh Konsil atas nama Menteri setelah memenuhi persyaratan yang ditentukan.

Jadi, yang berwenang mengeluarkan STR dokter adalah **Konsil atas nama Menteri Kesehatan**.",5935,simple,small,383,58,4,1,"{'model': 'text-embedding-3-small', 'table': 'documents_small', 'dimensions': 1536}",Siapa yang berwenang mengeluarkan STR dokter?,perizinan,easy,"['konsil kedokteran', 'STR', 'surat tanda registrasi']",0.6666666666666666,0.6,0.7163333333333333,0.6609999999999999
True,"Berdasarkan UU No. 17 Tahun 2023 Pasal 260 ayat (2) dan PP No. 28 Tahun 2024 Pasal 678 ayat (2) (kedua peraturan ini berstatus berlaku), STR (Surat Tanda Registrasi) bagi Tenaga Medis dan Tenaga Kesehatan diterbitkan oleh Konsil atas nama Menteri setelah memenuhi persyaratan yang ditentukan.

Jadi, yang berwenang mengeluarkan STR dokter adalah **Konsil atas nama Menteri Kesehatan**.",5285,simple,large,385,58,4,1,"{'model': 'text-embedding-3-large', 'table': 'documents', 'dimensions': 3072}",Siapa yang berwenang mengeluarkan STR dokter?,perizinan,easy,"['konsil kedokteran', 'STR', 'surat tanda registrasi']",0.6666666666666666,0.6,0.7183333333333333,0.6616666666666666
True,"Berdasarkan dokumen yang tersedia, yang berwenang mengeluarkan Surat Tanda Registrasi (STR) dokter adalah Konsil atas nama Menteri setelah Tenaga Medis memenuhi persyaratan yang ditentukan. Proses pengajuan STR dilakukan secara elektronik melalui Sistem Informasi Kesehatan yang terintegrasi dengan Sistem Informasi Kesehatan Nasional. Persyaratan utama yang harus dipenuhi meliputi memiliki ijazah pendidikan di bidang kesehatan dan/atau sertifikat profesi serta memiliki sertifikat kompetensi. STR ini berlaku seumur hidup bagi Tenaga Medis yang akan menjalankan praktik (PP No. 28 Tahun 2024 Pasal 678; UU No. 17 Tahun 2023 Pasal 260).",30618,multi,small,638,86,5,3,"{'model': 'small', 'parallel_execution': False, 'cached': False, 'modular_architecture': True, 'version': '2.0.0'}",Siapa yang berwenang mengeluarkan STR dokter?,perizinan,easy,"['konsil kedokteran', 'STR', 'surat tanda registrasi']",0.6666666666666666,0.2,0.8333333333333333,0.5666666666666667
True,"Berdasarkan dokumen yang tersedia, yang berwenang mengeluarkan Surat Tanda Registrasi (STR) dokter adalah Konsil atas nama Menteri setelah Tenaga Medis memenuhi persyaratan yang ditentukan. Proses pengajuan STR dilakukan secara elektronik melalui Sistem Informasi Kesehatan yang terintegrasi dengan Sistem Informasi Kesehatan Nasional. Persyaratan utama yang harus dipenuhi meliputi memiliki ijazah pendidikan di bidang kesehatan dan/atau sertifikat profesi serta memiliki sertifikat kompetensi. STR ini berlaku seumur hidup bagi Tenaga Medis yang akan menjalankan praktik (PP No. 28 Tahun 2024 Pasal 678; UU No. 17 Tahun 2023 Pasal 260).",36111,multi,large,638,86,5,3,"{'model': 'large', 'parallel_execution': False, 'cached': False, 'modular_architecture': True, 'version': '2.0.0'}",Siapa yang berwenang mengeluarkan STR dokter?,perizinan,easy,"['konsil kedokteran', 'STR', 'surat tanda registrasi']",0.6666666666666666,0.2,0.8333333333333333,0.5666666666666667
True,"Berdasarkan UU No. 17 Tahun 2023 Pasal 264 (berlaku) dan PP No. 28 Tahun 2024 Pasal 771 (berlaku), dapat dijelaskan bahwa:

- STR adalah singkatan dari **Surat Tanda Registrasi**. STR merupakan dokumen yang wajib dimiliki oleh Tenaga Medis dan Tenaga Kesehatan sebagai bukti registrasi resmi untuk dapat menjalankan praktik di fasilitas pelayanan kesehatan.

- SIP adalah singkatan dari **Surat Izin Praktik**. SIP adalah izin yang diberikan kepada Tenaga Medis dan Tenaga Kesehatan untuk melakukan praktik di tempat praktik tertentu dan memiliki masa berlaku serta persyaratan perpanjangan yang diatur secara khusus.

Jadi, STR adalah Surat Tanda Registrasi, dan SIP adalah Surat Izin Praktik. Keduanya merupakan dokumen legal yang wajib dimiliki oleh tenaga kesehatan untuk dapat menyelenggarakan pelayanan kesehatan secara sah di Indonesia.",11715,simple,small,843,121,4,1,"{'model': 'text-embedding-3-small', 'table': 'documents_small', 'dimensions': 1536}",Apa kepanjangan dari STR dan SIP?,akronim,easy,"['surat tanda registrasi', 'surat izin praktik']",1.0,0.8,1.0,0.9333333333333332
True,"Berdasarkan PP No. 28 Tahun 2024 (berlaku) Pasal 771, Pasal 654, dan Pasal 681, serta UU No. 17 Tahun 2023 (berlaku) Pasal 252, dapat dijelaskan bahwa:

- STR adalah singkatan dari **Surat Tanda Registrasi**. STR merupakan dokumen yang wajib dimiliki oleh Tenaga Medis dan Tenaga Kesehatan sebagai bukti registrasi resmi untuk dapat melakukan praktik pelayanan kesehatan.

- SIP adalah singkatan dari **Surat Izin Praktik**. SIP adalah dokumen izin yang wajib dimiliki oleh Tenaga Medis dan Tenaga Kesehatan tertentu untuk melakukan praktik keprofesiannya di fasilitas pelayanan kesehatan.

Jadi, STR adalah surat tanda registrasi yang menunjukkan legalitas registrasi tenaga kesehatan, sedangkan SIP adalah surat izin praktik yang memberikan hak untuk melakukan praktik pelayanan kesehatan secara resmi.",7311,simple,large,804,114,4,1,"{'model': 'text-embedding-3-large', 'table': 'documents', 'dimensions': 3072}",Apa kepanjangan dari STR dan SIP?,akronim,easy,"['surat tanda registrasi', 'surat izin praktik']",1.0,0.8,1.0,0.9333333333333332
True,"Saat ini saya mengalami kendala dalam mengakses dokumen untuk mencari kepanjangan STR dan SIP dalam konteks kesehatan. Namun, saya bisa memberikan penjelasan umum berdasarkan pengetahuan saya:

- STR adalah singkatan dari Surat Tanda Registrasi. Dalam konteks tenaga kesehatan di Indonesia, STR adalah surat yang diberikan kepada tenaga kesehatan yang telah memenuhi persyaratan kompetensi dan administrasi untuk dapat melakukan praktik profesi secara legal.

- SIP adalah singkatan dari Surat Izin Praktik. Surat ini diberikan kepada tenaga kesehatan yang telah memiliki STR dan memenuhi persyaratan lainnya untuk dapat membuka atau menjalankan praktik kesehatan.

Jika Anda ingin saya mencari definisi resmi dan lebih rinci dari dokumen hukum atau peraturan terkait, saya bisa mencoba melakukan pencarian ulang dengan query yang disempurnakan. Apakah Anda ingin saya melakukannya?",13767,multi,small,882,122,0,2,"{'model': 'small', 'parallel_execution': False, 'cached': False, 'modular_architecture': True, 'version': '2.0.0'}",Apa kepanjangan dari STR dan SIP?,akronim,easy,"['surat tanda registrasi', 'surat izin praktik']",1.0,0.6,1.0,0.8666666666666667
True,"Kepanjangan dari STR adalah Surat Tanda Registrasi, yaitu dokumen wajib yang harus dimiliki oleh setiap Tenaga Medis dan Tenaga Kesehatan yang akan menjalankan praktik. STR diberikan kepada Tenaga Medis dan Tenaga Kesehatan warga negara Indonesia maupun asing, dan untuk warga negara Indonesia berlaku seumur hidup (PP No. 28 Tahun 2024 Pasal 677).

Sedangkan SIP adalah Surat Izin Praktik, yaitu izin yang harus dimiliki oleh Tenaga Medis dan Tenaga Kesehatan tertentu untuk dapat menjalankan praktik keprofesiannya secara legal. Namun, dokumen yang tersedia tidak secara eksplisit menjelaskan kepanjangan SIP, sehingga definisi ini berdasarkan konteks umum peraturan kesehatan di Indonesia.

Referensi:
- PP No. 28 Tahun 2024 Pasal 677 tentang STR
- PP No. 28 Tahun 2024 Pasal 681 tentang SIP",41954,multi,large,794,118,10,4,"{'model': 'large', 'parallel_execution': False, 'cached': False, 'modular_architecture': True, 'version': '2.0.0'}",Apa kepanjangan dari STR dan SIP?,akronim,easy,"['surat tanda registrasi', 'surat izin praktik']",1.0,0.6,1.0,0.8666666666666667
True,"Berdasarkan PP No. 32 Tahun 1996 (berlaku) Pasal 35, yang merujuk pada ketentuan Pasal 86 Undang-Undang No. 23 Tahun 1992 tentang Kesehatan, sanksi hukum bagi praktik kedokteran tanpa izin adalah sebagai berikut:

- Barangsiapa dengan sengaja melakukan upaya kesehatan tanpa izin sebagaimana dimaksud dalam Pasal 4 ayat (1) UU No. 23 Tahun 1992, dapat dipidana dengan denda paling banyak Rp 10.000.000,00 (sepuluh juta rupiah).

Perlu dicatat bahwa UU No. 36 Tahun 2009 Pasal 191 yang mengatur sanksi pidana terhadap praktik pelayanan kesehatan tradisional tanpa izin sudah dicabut dan tidak berlaku lagi, sehingga ketentuan yang berlaku adalah yang tercantum dalam PP No. 32 Tahun 1996 tersebut.

Dengan demikian, praktik kedokteran tanpa izin dapat dikenai sanksi administratif berupa denda maksimal Rp 10 juta sesuai PP No. 32 Tahun 1996 (berlaku) Pasal 35. Informasi lebih rinci mengenai sanksi pidana atau administratif lain tidak ditemukan dalam dokumen yang tersedia.",13083,simple,small,974,145,4,1,"{'model': 'text-embedding-3-small', 'table': 'documents_small', 'dimensions': 1536}",Apa sanksi hukum bagi praktik kedokteran tanpa izin?,sanksi,medium,"['sanksi', 'pidana', 'denda', 'penjara']",0.75,0.6,0.875,0.7416666666666667
True,"Berdasarkan UU No. 17 Tahun 2023 (berlaku) Pasal 439, setiap orang yang bukan Tenaga Medis atau Tenaga Kesehatan melakukan praktik sebagai Tenaga Medis atau Tenaga Kesehatan tanpa Surat Izin Praktik (SIP) dapat dipidana dengan pidana penjara paling lama 5 (lima) tahun atau pidana denda paling banyak Rp500.000.000,00 (lima ratus juta rupiah).

Selain itu, menurut UU No. 17 Tahun 2023 (berlaku) Pasal 313 ayat (1), Tenaga Medis atau Tenaga Kesehatan yang melakukan praktik tanpa memiliki Surat Tanda Registrasi (STR) dan/atau SIP dikenai sanksi administratif berupa denda administratif, dengan tata cara pengenaan sanksi diatur lebih lanjut oleh Peraturan Pemerintah.

Sebagai tambahan, PP No. 32 Tahun 1996 (berlaku) Pasal 35 juga mengatur bahwa melakukan upaya kesehatan tanpa izin dapat dikenai pidana denda paling banyak Rp10.000.000,00 (sepuluh juta rupiah), namun ketentuan ini secara umum lebih rendah dibandingkan sanksi dalam UU No. 17 Tahun 2023.

Dengan demikian, sanksi hukum bagi praktik kedokteran tanpa izin terutama diatur dalam UU No. 17 Tahun 2023 dengan ancaman pidana penjara dan denda yang cukup berat, serta sanksi administratif bagi tenaga medis yang tidak memiliki izin resmi.",9557,simple,large,1201,177,4,1,"{'model': 'text-embedding-3-large', 'table': 'documents', 'dimensions': 3072}",Apa sanksi hukum bagi praktik kedokteran tanpa izin?,sanksi,medium,"['sanksi', 'pidana', 'denda', 'penjara']",1.0,0.4,1.0,0.7999999999999999
True,"Sanksi hukum bagi praktik kedokteran tanpa izin meliputi sanksi administratif berupa denda administratif bagi Tenaga Medis atau Tenaga Kesehatan yang melakukan praktik tanpa memiliki Surat Tanda Registrasi (STR) dan/atau Surat Izin Praktik (SIP) sebagaimana diatur dalam UU No. 17 Tahun 2023 Pasal 313. Tata cara pengenaan sanksi administratif tersebut diatur lebih lanjut dalam Peraturan Pemerintah.

Selain itu, Tenaga Medis dan Tenaga Kesehatan yang menjalankan praktik mandiri wajib menginformasikan identitas diri yang meliputi nama, gelar, bidang keahlian, nomor SIP, nomor STR, dan jadwal praktik. Pelanggaran terhadap ketentuan ini dapat dikenai sanksi administratif berupa teguran lisan, peringatan tertulis, denda administratif, dan/atau pencabutan izin praktik sesuai PP No. 28 Tahun 2024 Pasal 740.

Dengan demikian, praktik kedokteran tanpa izin dapat dikenai sanksi administratif berupa denda dan/atau pencabutan izin, serta teguran atau peringatan, sesuai dengan ketentuan yang berlaku (UU No. 17 Tahun 2023 Pasal 313 dan PP No. 28 Tahun 2024 Pasal 740).",59951,multi,small,1069,149,5,3,"{'model': 'small', 'parallel_execution': False, 'cached': False, 'modular_architecture': True, 'version': '2.0.0'}",Apa sanksi hukum bagi praktik kedokteran tanpa izin?,sanksi,medium,"['sanksi', 'pidana', 'denda', 'penjara']",0.5,0.4,0.75,0.5499999999999999
True,"Sanksi hukum bagi praktik kedokteran tanpa izin meliputi sanksi administratif berupa denda administratif sesuai dengan ketentuan Pasal 313 UU No. 17 Tahun 2023 tentang Kesehatan. Setiap Tenaga Medis atau Tenaga Kesehatan yang melakukan praktik tanpa memiliki Surat Tanda Registrasi (STR) dan/atau Surat Izin Praktik (SIP) dikenai sanksi tersebut.

Selain denda administratif, Tenaga Medis atau Tenaga Kesehatan yang menjalankan praktik mandiri tanpa memenuhi ketentuan kewajiban menginformasikan identitas diri (termasuk nama, gelar, bidang keahlian, nomor SIP, nomor STR, dan jadwal praktik) dapat dikenai sanksi administratif berupa teguran lisan, peringatan tertulis, denda administratif, dan/atau pencabutan izin praktik sebagaimana diatur dalam PP No. 28 Tahun 2024 Pasal 740.

Dengan demikian, sanksi hukum utama bagi praktik kedokteran tanpa izin adalah sanksi administratif berupa denda, dan dapat diperberat hingga pencabutan izin praktik jika tidak memenuhi ketentuan administratif lainnya. 

(Sumber: UU No. 17 Tahun 2023 Pasal 313 dan PP No. 28 Tahun 2024 Pasal 740)",54508,multi,large,1078,148,5,3,"{'model': 'large', 'parallel_execution': False, 'cached': False, 'modular_architecture': True, 'version': '2.0.0'}",Apa sanksi hukum bagi praktik kedokteran tanpa izin?,sanksi,medium,"['sanksi', 'pidana', 'denda', 'penjara']",0.5,0.4,0.75,0.5499999999999999
True,"Berdasarkan UU No. 17 Tahun 2023 Pasal 263 (berlaku) dan PP No. 28 Tahun 2024 Pasal 681 (berlaku), prosedur pengajuan izin praktik dokter spesialis adalah sebagai berikut:

1. **Kewajiban Memiliki SIP**  
   Dokter spesialis sebagai Tenaga Medis wajib memiliki Surat Izin Praktik (SIP) untuk menjalankan praktik keprofesiannya (UU No. 17 Tahun 2023 Pasal 263 ayat (1) dan PP No. 28 Tahun 2024 Pasal 681 ayat (1)).

2. **Pengajuan Permohonan SIP**  
   Permohonan SIP diajukan secara online melalui sistem informasi yang terintegrasi dengan Sistem Informasi Kesehatan Nasional (PP No. 28 Tahun 2024 Pasal 681 ayat (2)).

3. **Persyaratan Pengajuan SIP**  
   Dalam mengajukan permohonan SIP, dokter spesialis harus memiliki:  
   a. Surat Tanda Registrasi (STR) yang masih berlaku;  
   b. Tempat praktik yang jelas (PP No. 28 Tahun 2024 Pasal 681 ayat (3)).

4. **Penerbitan SIP**  
   SIP diterbitkan oleh Pemerintah Daerah kabupaten/kota tempat dokter spesialis menjalankan praktiknya (UU No. 17 Tahun 2023 Pasal 263 ayat (3) dan PP No. 28 Tahun 2024 Pasal 681 ayat (4)).

5. **Batas Waktu Proses Penerbitan**  
   Menteri menetapkan batas waktu maksimal proses penerbitan SIP. Jika proses penerbitan melebihi batas waktu tersebut, SIP secara otomatis terbit melalui sistem informasi yang terintegrasi (PP No. 28 Tahun 2024 Pasal 681 ayat (5) dan (6)).

Dengan demikian, prosedur pengajuan izin praktik dokter spesialis meliputi pengajuan permohonan SIP secara online dengan melampirkan STR dan tempat praktik, kemudian SIP diterbitkan oleh Pemerintah Daerah setempat dalam batas waktu yang telah ditentukan oleh Menteri.",14130,simple,small,1623,235,4,1,"{'model': 'text-embedding-3-small', 'table': 'documents_small', 'dimensions': 1536}",Bagaimana prosedur pengajuan izin praktik dokter spesialis?,prosedur,medium,"['persyaratan', 'dokumen', 'pengajuan']",0.6666666666666666,0.8,0.8333333333333333,0.7666666666666666
True,"Berdasarkan PP No. 28 Tahun 2024 (berlaku) Pasal 689 dan UU No. 17 Tahun 2023 (berlaku) Pasal 267, prosedur pengajuan izin praktik dokter spesialis adalah sebagai berikut:

1. Dokter spesialis yang akan mengajukan izin praktik harus sudah memiliki Surat Izin Praktik (SIP).

2. Untuk kepentingan pemenuhan kebutuhan pelayanan kedokteran di suatu daerah, Menteri Kesehatan dapat memberikan surat tugas kepada dokter spesialis tertentu untuk bekerja di Fasilitas Pelayanan Kesehatan tertentu tanpa harus memiliki SIP di tempat tersebut.

3. Pemberian surat tugas ini dilakukan berdasarkan permintaan dari Dinas Kesehatan kabupaten/kota yang mengajukan permohonan dengan melampirkan:
   a. Hasil kajian kebutuhan pelayanan kedokteran spesialis yang dibutuhkan di daerah tersebut.
   b. Pernyataan ketiadaan dokter spesialis dengan keahlian dan kompetensi yang sama di kabupaten/kota tersebut.
   c. Usulan kandidat dokter spesialis yang akan diusulkan beserta bukti SIP maksimal yang dimiliki calon kandidat.

4. Setelah permohonan diajukan oleh Dinas Kesehatan kabupaten/kota, Menteri Kesehatan melakukan kajian terhadap pemenuhan ketentuan tersebut sebelum memberikan surat tugas.

5. Surat tugas ini berlaku selama belum ada dokter spesialis lain dengan keahlian dan kompetensi yang sama di daerah tersebut. Jika sudah ada, surat tugas menjadi tidak berlaku.

Selain itu, berdasarkan UU No. 17 Tahun 2023 Pasal 217, tenaga medis yang telah menyelesaikan program spesialis dapat melanjutkan pendidikan ke program subspesialis, dan selama pendidikan tersebut, peserta didik dapat didayagunakan oleh Fasilitas Pelayanan Kesehatan sebagai bagian dari proses pendidikan.

Kesimpulannya, prosedur pengajuan izin praktik dokter spesialis melibatkan pengajuan permohonan oleh Dinas Kesehatan kabupaten/kota kepada Menteri Kesehatan dengan melampirkan kajian kebutuhan dan bukti SIP, kemudian Menteri melakukan kajian dan memberikan surat tugas sebagai izin praktik di daerah yang membutuhkan.

Apabila Anda membutuhkan informasi lebih rinci mengenai tata cara pengajuan SIP dokter spesialis secara umum (bukan surat tugas), informasi tersebut tidak ditemukan dalam dokumen yang tersedia.",10719,simple,large,2179,288,4,1,"{'model': 'text-embedding-3-large', 'table': 'documents', 'dimensions': 3072}",Bagaimana prosedur pengajuan izin praktik dokter spesialis?,prosedur,medium,"['persyaratan', 'dokumen', 'pengajuan']",0.6666666666666666,0.6,0.8333333333333333,0.6999999999999998
True,"Prosedur pengajuan izin praktik dokter spesialis di Indonesia umumnya melibatkan penerbitan Surat Izin Praktik (SIP) yang menjadi dasar legal bagi dokter spesialis untuk memberikan pelayanan kesehatan. Namun, dalam kondisi tertentu, Menteri Kesehatan dapat memberikan surat tugas kepada dokter spesialis yang sudah memiliki SIP untuk bekerja di fasilitas pelayanan kesehatan tertentu tanpa harus mengajukan SIP baru di tempat tersebut.

Ketentuan pemberian surat tugas ini adalah sebagai berikut:
1. Ada permintaan resmi dari Dinas Kesehatan kabupaten/kota berdasarkan kebutuhan pelayanan kedokteran di daerah tersebut.
2. Tidak terdapat dokter spesialis lain dengan keahlian dan kompetensi yang sama di kabupaten/kota tersebut.
3. Dokter spesialis yang menerima surat tugas harus sudah memiliki SIP yang berlaku.
4. Surat tugas akan menjadi tidak berlaku jika selama masa berlakunya sudah ada dokter spesialis lain dengan keahlian dan kompetensi yang sama di daerah tersebut.

Ketentuan ini juga berlaku untuk dokter subspesialis yang memberikan pelayanan di kawasan ekonomi khusus. Seluruh ketentuan lebih lanjut mengenai surat tugas diatur dalam Peraturan Pemerintah.

Dengan demikian, prosedur pengajuan izin praktik dokter spesialis meliputi:
- Memiliki SIP yang diterbitkan berdasarkan peraturan yang berlaku.
- Jika ingin praktik di daerah lain tanpa SIP baru, dapat mengajukan permohonan surat tugas melalui Dinas Kesehatan kabupaten/kota yang mengajukan permintaan ke Menteri Kesehatan.
- Surat tugas diberikan berdasarkan kebutuhan dan ketiadaan dokter spesialis dengan kompetensi yang sama di daerah tersebut.

Dokumen yang tersedia tidak memuat prosedur rinci pengajuan SIP pertama kali, namun menegaskan mekanisme surat tugas sebagai alternatif izin praktik di daerah tertentu.

(Sumber: UU No. 17 Tahun 2023 Pasal 267; PP No. 28 Tahun 2024 Pasal 689 dan Pasal 693)",62183,multi,small,1878,260,5,3,"{'model': 'small', 'parallel_execution': False, 'cached': False, 'modular_architecture': True, 'version': '2.0.0'}",Bagaimana prosedur pengajuan izin praktik dokter spesialis?,prosedur,medium,"['persyaratan', 'dokumen', 'pengajuan']",0.6666666666666666,0.8,0.8333333333333333,0.7666666666666666
True,"Prosedur pengajuan izin praktik dokter spesialis diatur melalui penerbitan Surat Izin Praktik (SIP) yang merupakan syarat utama bagi dokter spesialis untuk dapat berpraktik. Selain SIP, terdapat mekanisme pemberian surat tugas oleh Menteri Kesehatan untuk dokter spesialis yang telah memiliki SIP agar dapat bekerja di fasilitas pelayanan kesehatan tertentu tanpa perlu memiliki SIP di tempat tersebut, khususnya untuk memenuhi kebutuhan pelayanan di daerah yang kekurangan dokter spesialis dengan keahlian dan kompetensi yang sama.

1. **Pemberian Surat Izin Praktik (SIP) Dokter Spesialis**  
   Dokter spesialis harus memiliki SIP untuk dapat melakukan praktik kedokteran. SIP ini merupakan izin resmi yang dikeluarkan berdasarkan ketentuan perundang-undangan yang berlaku.

2. **Pemberian Surat Tugas oleh Menteri Kesehatan**  
   Menteri Kesehatan dapat memberikan surat tugas kepada dokter spesialis yang telah memiliki SIP untuk bekerja di fasilitas pelayanan kesehatan tertentu tanpa harus memiliki SIP di tempat tersebut. Pemberian surat tugas ini dilakukan dengan ketentuan:  
   a. Ada permintaan dari dinas kesehatan kabupaten/kota berdasarkan kebutuhan pelayanan kedokteran;  
   b. Tidak ada dokter spesialis lain dengan keahlian dan kompetensi yang sama di kabupaten/kota tersebut;  
   c. Dokter spesialis yang mendapat surat tugas harus sudah memiliki SIP.  
   Surat tugas ini berlaku selama tidak ada dokter spesialis lain dengan keahlian dan kompetensi yang sama di daerah tersebut. Jika ada, surat tugas menjadi tidak berlaku.

3. **Kedudukan Hukum dan Hak Praktik**  
   Surat tugas memiliki kedudukan hukum yang sama dengan SIP. Dokter spesialis yang berpraktik berdasarkan surat tugas memiliki hak dan kewajiban yang sama dengan dokter spesialis yang memiliki SIP. Ketentuan lebih lanjut mengenai tata cara pemberian surat tugas diatur dalam Peraturan Menteri Kesehatan.

Kesimpulannya, prosedur pengajuan izin praktik dokter spesialis dimulai dengan pengajuan SIP. Jika dokter spesialis akan bekerja di daerah yang membutuhkan dan belum ada dokter dengan keahlian yang sama, dapat diajukan surat tugas oleh Menteri Kesehatan berdasarkan permintaan dinas kesehatan setempat. Surat tugas ini menjadi alternatif izin praktik yang sah selama memenuhi ketentuan yang berlaku.

Sumber:
- UU No. 17 Tahun 2023 Pasal 267
- PP No. 28 Tahun 2024 Pasal 689 dan Pasal 693",68016,multi,large,2384,328,5,3,"{'model': 'large', 'parallel_execution': False, 'cached': False, 'modular_architecture': True, 'version': '2.0.0'}",Bagaimana prosedur pengajuan izin praktik dokter spesialis?,prosedur,medium,"['persyaratan', 'dokumen', 'pengajuan']",0.3333333333333333,1.0,0.6666666666666666,0.6666666666666666
True,"Berdasarkan UU No. 17 Tahun 2023 (berlaku) Pasal 276 dan Pasal 277, kewajiban dokter dalam memberikan informed consent dapat disimpulkan sebagai berikut:

1. Dokter wajib memberikan informasi yang lengkap dan memadai mengenai kondisi kesehatan pasien serta pelayanan kesehatan yang akan diberikan (Pasal 276 ayat (a) dan (b)). Ini mencakup penjelasan yang cukup agar pasien dapat memahami tindakan medis yang akan dilakukan.

2. Dokter harus menghormati hak pasien untuk menyetujui atau menolak tindakan medis, kecuali dalam kasus tindakan medis yang diperlukan untuk pencegahan penyakit menular dan penanggulangan kejadian luar biasa (KLB) atau wabah (Pasal 276 ayat (d)).

3. Dokter harus memastikan bahwa pasien mendapatkan pelayanan kesehatan sesuai dengan kebutuhan medis, standar profesi, dan pelayanan yang bermutu (Pasal 276 ayat (c)).

4. Pasien berkewajiban memberikan informasi yang lengkap dan jujur tentang masalah kesehatannya kepada dokter (Pasal 277 ayat (a)), sehingga dokter dapat memberikan informasi dan penjelasan yang tepat.

Dengan demikian, kewajiban dokter dalam memberikan informed consent adalah memberikan informasi yang jelas, lengkap, dan memadai mengenai tindakan medis yang akan dilakukan agar pasien dapat membuat keputusan yang sadar dan sukarela mengenai persetujuan atau penolakan tindakan tersebut, sesuai dengan ketentuan UU No. 17 Tahun 2023 (berlaku) Pasal 276 dan Pasal 277.",12694,simple,small,1415,197,4,1,"{'model': 'text-embedding-3-small', 'table': 'documents_small', 'dimensions': 1536}",Apa kewajiban dokter dalam memberikan informed consent?,etika,medium,"['informed consent', 'persetujuan', 'informasi']",1.0,0.6,1.0,0.8666666666666667
True,"Berdasarkan UU No. 17 Tahun 2023 (berlaku) Pasal 293, kewajiban dokter (Tenaga Medis) dalam memberikan informed consent adalah sebagai berikut:

1. Setiap tindakan pelayanan kesehatan yang dilakukan oleh Tenaga Medis harus mendapat persetujuan dari pasien (Pasal 293 ayat (1)).

2. Persetujuan tersebut diberikan setelah pasien mendapatkan penjelasan yang memadai dari Tenaga Medis (Pasal 293 ayat (2)).

3. Penjelasan yang diberikan oleh Tenaga Medis paling sedikit harus mencakup:
   a. Diagnosis pasien;
   b. Indikasi tindakan;
   c. Tindakan pelayanan kesehatan yang akan dilakukan dan tujuannya;
   d. Risiko dan komplikasi yang mungkin terjadi;
   e. Alternatif tindakan lain beserta risikonya;
   f. Risiko apabila tindakan tidak dilakukan;
   g. Prognosis setelah memperoleh tindakan (Pasal 293 ayat (3)).

4. Persetujuan dapat diberikan secara tertulis atau lisan (Pasal 293 ayat (4)).

5. Untuk tindakan yang invasif dan/atau mengandung risiko tinggi, persetujuan tertulis harus diperoleh sebelum tindakan dilakukan (Pasal 293 ayat (5)).

6. Persetujuan harus diberikan oleh pasien yang bersangkutan atau oleh yang mewakili jika pasien tidak cakap memberikan persetujuan (Pasal 293 ayat (6) dan (7)).

7. Persetujuan tertulis harus ditandatangani oleh pasien atau yang mewakili dan disaksikan oleh salah seorang Tenaga Medis atau Tenaga Kesehatan (Pasal 293 ayat (8)).

8. Dalam keadaan gawat darurat dimana pasien tidak cakap dan tidak ada pihak yang dapat dimintai persetujuan, tindakan dapat dilakukan tanpa persetujuan, namun harus berdasarkan kepentingan terbaik pasien dan diinformasikan setelah pasien atau yang mewakili telah hadir (Pasal 293 ayat (9) sampai (11)).

Dengan demikian, kewajiban dokter dalam memberikan informed consent adalah memberikan penjelasan lengkap dan memadai mengenai tindakan medis yang akan dilakukan, risiko, alternatif, dan konsekuensi, serta memperoleh persetujuan pasien secara tertulis atau lisan sesuai ketentuan tersebut.

Informasi tambahan terkait kewajiban pasien dalam memberikan informasi yang lengkap dan jujur juga diatur dalam PP No. 28 Tahun 2024 (berlaku) Pasal 738 ayat (1) dan (2), yang menegaskan bahwa pasien wajib memberikan data diri, riwayat penyakit, dan masalah kesehatan secara lengkap dan jujur kepada Tenaga Medis.

Demikian penjelasan mengenai kewajiban dokter dalam memberikan informed consent menurut peraturan perundang-undangan kesehatan Indonesia yang berlaku saat ini.",13749,simple,large,2450,333,4,1,"{'model': 'text-embedding-3-large', 'table': 'documents', 'dimensions': 3072}",Apa kewajiban dokter dalam memberikan informed consent?,etika,medium,"['informed consent', 'persetujuan', 'informasi']",1.0,0.8,1.0,0.9333333333333332
True,Agent stopped due to max iterations.,85505,multi,small,36,6,9,6,"{'model': 'small', 'parallel_execution': False, 'cached': False, 'modular_architecture': True, 'version': '2.0.0'}",Apa kewajiban dokter dalam memberikan informed consent?,etika,medium,"['informed consent', 'persetujuan', 'informasi']",0.0,0.0,0.036,0.011999999999999999
True,Agent stopped due to max iterations.,67750,multi,large,36,6,7,6,"{'model': 'large', 'parallel_execution': False, 'cached': False, 'modular_architecture': True, 'version': '2.0.0'}",Apa kewajiban dokter dalam memberikan informed consent?,etika,medium,"['informed consent', 'persetujuan', 'informasi']",0.0,0.0,0.036,0.011999999999999999
True,"Berdasarkan UU No. 17 Tahun 2023 Pasal 299 (berlaku) dan PP No. 28 Tahun 2024 Pasal 778, 779, dan 840 (berlaku), ketentuan mengenai rekam medis adalah sebagai berikut:

1. **Kewajiban Membuat Rekam Medis**  
   - Setiap Tenaga Medis dan Tenaga Kesehatan yang memberikan pelayanan kesehatan perseorangan wajib membuat rekam medis (Pasal 778 ayat (1)).  
   - Jika pelayanan kesehatan perseorangan dilakukan di fasilitas pelayanan kesehatan selain tempat praktik mandiri, maka penyelenggaraan rekam medis menjadi tanggung jawab fasilitas tersebut (Pasal 778 ayat (2)).

2. **Isi Rekam Medis**  
   - Rekam medis merupakan dokumen yang memuat data identitas pasien, pemeriksaan, pengobatan, tindakan, dan pelayanan lain yang telah diberikan kepada pasien, termasuk persetujuan tindakan pelayanan kesehatan (Pasal 778 ayat (3)).

3. **Penyimpanan dan Kerahasiaan**  
   - Rekam medis harus disimpan dan dijaga kerahasiaannya oleh tenaga medis, tenaga kesehatan, dan pimpinan fasilitas pelayanan kesehatan (Pasal 778 ayat (4)).

4. **Penyelenggaraan Rekam Medis Elektronik**  
   - Rekam medis wajib diselenggarakan secara elektronik sesuai ketentuan peraturan perundang-undangan (Pasal 779 ayat (1)).  
   - Jika fasilitas pelayanan kesehatan mengalami hambatan teknis sehingga tidak dapat menyelenggarakan rekam medis secara elektronik, maka dapat digunakan rekam medis nonelektronik sampai hambatan tersebut selesai (Pasal 779 ayat (2)).

5. **Kewajiban Rumah Sakit**  
   - Rumah sakit wajib menyelenggarakan rekam medis sesuai ketentuan peraturan perundang-undangan (Pasal 840).

6. **Ketentuan Lebih Lanjut**  
   - Ketentuan lebih lanjut mengenai rekam medis diatur dengan Peraturan Pemerintah (Pasal 299 UU No. 17 Tahun 2023).

Dengan demikian, rekam medis diatur secara rinci dalam PP No. 28 Tahun 2024 yang mengatur kewajiban pembuatan, isi, penyimpanan, kerahasiaan, dan penyelenggaraan rekam medis secara elektronik, serta tanggung jawab fasilitas pelayanan kesehatan dan tenaga medis terkait.",17000,simple,small,2000,265,4,1,"{'model': 'text-embedding-3-small', 'table': 'documents_small', 'dimensions': 1536}",Bagaimana ketentuan rekam medis menurut peraturan yang berlaku?,administrasi,medium,"['rekam medis', 'penyimpanan', 'kerahasiaan']",1.0,1.0,1.0,1.0
True,"Berdasarkan UU No. 17 Tahun 2023 (berlaku) Pasal 296 dan Pasal 299, serta PP No. 28 Tahun 2024 (berlaku) Pasal 778 dan Pasal 783, ketentuan mengenai rekam medis adalah sebagai berikut:

1. **Kewajiban Pembuatan Rekam Medis**  
   - Setiap Tenaga Medis dan Tenaga Kesehatan yang memberikan pelayanan kesehatan perseorangan wajib membuat rekam medis (UU No. 17 Tahun 2023 Pasal 296 ayat (1); PP No. 28 Tahun 2024 Pasal 778 ayat (1)).  
   - Jika pelayanan kesehatan perseorangan dilakukan di fasilitas pelayanan kesehatan selain tempat praktik mandiri, maka penyelenggaraan rekam medis menjadi tanggung jawab fasilitas pelayanan kesehatan tersebut (UU No. 17 Tahun 2023 Pasal 296 ayat (2); PP No. 28 Tahun 2024 Pasal 778 ayat (2)).

2. **Isi dan Penyimpanan Rekam Medis**  
   - Rekam medis merupakan dokumen yang berisi data identitas pasien, pemeriksaan, pengobatan, tindakan, dan pelayanan lain yang telah diberikan, termasuk persetujuan tindakan pelayanan kesehatan (PP No. 28 Tahun 2024 Pasal 778 ayat (3)).  
   - Rekam medis harus segera dilengkapi setelah pasien selesai menerima pelayanan kesehatan (UU No. 17 Tahun 2023 Pasal 296 ayat (3)).  
   - Setiap catatan rekam medis harus dibubuhi nama, waktu, dan tanda tangan tenaga medis atau tenaga kesehatan yang memberikan pelayanan atau tindakan (UU No. 17 Tahun 2023 Pasal 296 ayat (4)).  
   - Rekam medis harus disimpan dan dijaga kerahasiaannya oleh tenaga medis, tenaga kesehatan, dan pimpinan fasilitas pelayanan kesehatan (UU No. 17 Tahun 2023 Pasal 296 ayat (5); PP No. 28 Tahun 2024 Pasal 778 ayat (4)).

3. **Pembukaan Isi Rekam Medis**  
   - Pembukaan isi rekam medis dapat dilakukan atas persetujuan pasien dan/atau tanpa persetujuan pasien (PP No. 28 Tahun 2024 Pasal 783 ayat (1)).  
   - Permintaan pembukaan isi rekam medis harus dilakukan secara tertulis, baik secara elektronik maupun non-elektronik (PP No. 28 Tahun 2024 Pasal 783 ayat (2) dan (3)).  
   - Pembukaan isi rekam medis atas persetujuan pasien dilakukan untuk kepentingan pemeliharaan kesehatan, pengobatan, penyembuhan, perawatan pasien, permintaan pasien sendiri, serta keperluan administratif, pembayaran asuransi, atau jaminan pembiayaan kesehatan (PP No. 28 Tahun 2024 Pasal 783 ayat (5)).  
   - Jika pasien tidak cakap, persetujuan dapat diberikan oleh keluarga terdekat atau pengampu sesuai ketentuan peraturan perundang-undangan (PP No. 28 Tahun 2024 Pasal 783 ayat (6) sampai (9)).  
   - Pembukaan isi rekam medis tanpa persetujuan pasien dapat dilakukan untuk kepentingan penegakan hukum, penanggulangan kejadian luar biasa (KLB), wabah, bencana, pendidikan dan penelitian secara terbatas, perlindungan terhadap bahaya ancaman keselamatan orang lain atau masyarakat, dan kepentingan lain yang diatur dalam peraturan perundang-undangan (PP No. 28 Tahun 2024 Pasal 783 ayat (11)).

4. **Pengaturan Lebih Lanjut**  
   - Ketentuan lebih lanjut mengenai rekam medis diatur dengan Peraturan Pemerintah (UU No. 17 Tahun 2023 Pasal 299).

Kesimpulannya, rekam medis wajib dibuat oleh tenaga medis/kesehatan yang memberikan pelayanan, harus dilengkapi dan dijaga kerahasiaannya, serta pembukaan isi rekam medis diatur secara ketat dengan persetujuan pasien atau dalam kondisi tertentu tanpa persetujuan pasien sesuai dengan peraturan yang berlaku.",17440,simple,large,3291,473,4,1,"{'model': 'text-embedding-3-large', 'table': 'documents', 'dimensions': 3072}",Bagaimana ketentuan rekam medis menurut peraturan yang berlaku?,administrasi,medium,"['rekam medis', 'penyimpanan', 'kerahasiaan']",1.0,1.0,1.0,1.0
True,"Ketentuan rekam medis menurut peraturan yang berlaku di Indonesia adalah sebagai berikut:

1. Kewajiban Pembuatan Rekam Medis  
   Setiap Tenaga Medis dan Tenaga Kesehatan yang memberikan pelayanan kesehatan perseorangan wajib membuat rekam medis. Jika pelayanan kesehatan dilakukan di fasilitas pelayanan kesehatan selain praktik mandiri, maka penyelenggaraan rekam medis menjadi tanggung jawab fasilitas tersebut.

2. Isi dan Fungsi Rekam Medis  
   Rekam medis merupakan dokumen yang berisi data identitas pasien, pemeriksaan, pengobatan, tindakan, pelayanan lain yang telah diberikan, serta persetujuan tindakan pelayanan kesehatan. Dokumen ini harus segera dilengkapi setelah pasien selesai menerima pelayanan kesehatan.

3. Penyimpanan dan Kerahasiaan  
   Rekam medis harus disimpan dan dijaga kerahasiaannya oleh tenaga medis, tenaga kesehatan, dan pimpinan fasilitas pelayanan kesehatan. Fasilitas pelayanan kesehatan juga wajib menjaga keamanan, keutuhan, kerahasiaan, dan ketersediaan data rekam medis karena dokumen rekam medis adalah milik fasilitas tersebut.

4. Pembubuhan Identitas pada Catatan Rekam Medis  
   Setiap catatan dalam rekam medis harus dibubuhi nama, waktu, dan tanda tangan tenaga medis atau tenaga kesehatan yang memberikan pelayanan atau tindakan.

5. Pembukaan Isi Rekam Medis  
   Pembukaan isi rekam medis dapat dilakukan atas persetujuan pasien dan/atau tanpa persetujuan pasien dengan permintaan secara tertulis, baik secara elektronik maupun nonelektronik. Pembukaan isi rekam medis dilakukan terbatas sesuai kebutuhan, misalnya untuk kepentingan pemeliharaan kesehatan, permintaan pasien, atau administratif seperti pembayaran asuransi. Jika pasien tidak cakap, persetujuan dapat diberikan oleh keluarga terdekat atau pengampu sesuai ketentuan peraturan perundang-undangan.

6. Pengaturan Lebih Lanjut  
   Ketentuan lebih lanjut mengenai rekam medis diatur dengan Peraturan Pemerintah.

Kesimpulannya, rekam medis adalah dokumen wajib yang harus dibuat oleh tenaga medis dan tenaga kesehatan, disimpan dengan aman dan rahasia oleh fasilitas pelayanan kesehatan, serta pembukaan isi rekam medis harus mengikuti prosedur tertulis dan persetujuan yang ketat sesuai kebutuhan pelayanan dan peraturan yang berlaku.

(Sumber: PP No. 28 Tahun 2024 Pasal 778, 783, 784; UU No. 17 Tahun 2023 Pasal 296, 299)",89532,multi,small,2340,302,5,3,"{'model': 'small', 'parallel_execution': False, 'cached': False, 'modular_architecture': True, 'version': '2.0.0'}",Bagaimana ketentuan rekam medis menurut peraturan yang berlaku?,administrasi,medium,"['rekam medis', 'penyimpanan', 'kerahasiaan']",1.0,0.8,1.0,0.9333333333333332
True,"Ketentuan rekam medis menurut peraturan yang berlaku adalah sebagai berikut:

1. Kewajiban Pembuatan Rekam Medis  
   Setiap Tenaga Medis dan Tenaga Kesehatan yang memberikan pelayanan kesehatan perseorangan wajib membuat rekam medis. Jika pelayanan tersebut dilakukan di fasilitas pelayanan kesehatan selain praktik mandiri, maka penyelenggaraan rekam medis menjadi tanggung jawab fasilitas tersebut. Rekam medis harus segera dilengkapi setelah pasien selesai menerima pelayanan kesehatan (UU No. 17 Tahun 2023 Pasal 296 ayat 1-3; PP No. 28 Tahun 2024 Pasal 778 ayat 1-2).

2. Isi dan Bentuk Rekam Medis  
   Rekam medis merupakan dokumen yang memuat data identitas pasien, pemeriksaan, pengobatan, tindakan, dan pelayanan lain yang telah diberikan, termasuk persetujuan tindakan pelayanan kesehatan. Setiap catatan dalam rekam medis harus dibubuhi nama, waktu, dan tanda tangan tenaga medis atau tenaga kesehatan yang memberikan pelayanan atau tindakan (UU No. 17 Tahun 2023 Pasal 296 ayat 4; PP No. 28 Tahun 2024 Pasal 778 ayat 3).

3. Kepemilikan dan Pengelolaan Rekam Medis  
   Dokumen rekam medis adalah milik fasilitas pelayanan kesehatan. Fasilitas wajib menjaga keamanan, keutuhan, kerahasiaan, dan ketersediaan data rekam medis tersebut. Kerahasiaan rekam medis harus dijaga oleh tenaga medis, tenaga kesehatan, dan pimpinan fasilitas pelayanan kesehatan (PP No. 28 Tahun 2024 Pasal 784; UU No. 17 Tahun 2023 Pasal 296 ayat 5; PP No. 28 Tahun 2024 Pasal 778 ayat 4).

4. Pembukaan Isi Rekam Medis  
   Pembukaan isi rekam medis dapat dilakukan atas persetujuan pasien dan/atau tanpa persetujuan pasien dengan permintaan secara tertulis, baik secara elektronik maupun non-elektronik. Pembukaan isi rekam medis dilakukan secara terbatas sesuai kebutuhan. Jika atas persetujuan pasien, pembukaan dilakukan untuk kepentingan pemeliharaan kesehatan, pengobatan, penyembuhan, perawatan pasien, permintaan pasien sendiri, atau administratif seperti pembayaran asuransi atau jaminan pembiayaan kesehatan. Jika pasien tidak cakap, persetujuan dapat diberikan oleh keluarga terdekat atau pengampu sesuai ketentuan peraturan perundang-undangan (PP No. 28 Tahun 2024 Pasal 783).

5. Dasar Hukum dan Peraturan Lebih Lanjut  
   Ketentuan lebih lanjut mengenai rekam medis diatur dalam Peraturan Pemerintah dan Undang-Undang Kesehatan yang berlaku (UU No. 17 Tahun 2023 Pasal 299).

Dengan demikian, rekam medis diatur secara rinci mulai dari kewajiban pembuatan, isi, pengelolaan, hingga pembukaan isi rekam medis dengan memperhatikan aspek kerahasiaan dan persetujuan pasien sesuai peraturan yang berlaku. 

Sumber:
- UU No. 17 Tahun 2023 Pasal 296 dan 299
- PP No. 28 Tahun 2024 Pasal 778, 783, dan 784",89246,multi,large,2702,379,5,3,"{'model': 'large', 'parallel_execution': False, 'cached': False, 'modular_architecture': True, 'version': '2.0.0'}",Bagaimana ketentuan rekam medis menurut peraturan yang berlaku?,administrasi,medium,"['rekam medis', 'penyimpanan', 'kerahasiaan']",0.6666666666666666,0.8,0.8333333333333333,0.7666666666666666
True,"Berdasarkan UU No. 17 Tahun 2023 (berlaku) Pasal 189 dan PP No. 28 Tahun 2024 (berlaku) Pasal 811, hubungan antara UU Praktik Kedokteran dengan UU Rumah Sakit dalam hal tanggung jawab medis dapat dijelaskan sebagai berikut:

1. **Tanggung Jawab Rumah Sakit**  
   UU No. 17 Tahun 2023 Pasal 189 mengatur kewajiban Rumah Sakit yang meliputi penyelenggaraan pelayanan kesehatan yang aman, bermutu, dan sesuai standar pelayanan Rumah Sakit. Rumah Sakit wajib memberikan pelayanan yang mengutamakan kepentingan pasien, menyediakan sarana dan prasarana yang memadai, menyelenggarakan rekam medis, serta melindungi dan memberikan bantuan hukum kepada tenaga medis yang menjalankan praktik kedokteran di lingkungan Rumah Sakit. Dengan demikian, Rumah Sakit memiliki tanggung jawab administratif dan operasional untuk mendukung praktik kedokteran yang dilakukan oleh tenaga medis.

2. **Tanggung Jawab Pemerintah dan Pengelola Rumah Sakit**  
   PP No. 28 Tahun 2024 Pasal 811 menegaskan bahwa Pemerintah Pusat dan Daerah bertanggung jawab menyediakan Rumah Sakit sesuai kebutuhan masyarakat, menjamin pembiayaan pelayanan kesehatan, memberikan perlindungan kepada Rumah Sakit dan pengguna jasa, serta menyediakan sumber daya manusia yang dibutuhkan. Hal ini menunjukkan bahwa tanggung jawab penyelenggaraan pelayanan kesehatan di Rumah Sakit juga merupakan tanggung jawab pemerintah dan pengelola Rumah Sakit.

3. **Hubungan dengan UU Praktik Kedokteran**  
   UU Praktik Kedokteran mengatur kewajiban dan tanggung jawab tenaga medis dalam menjalankan praktik kedokteran secara profesional dan sesuai standar profesi. Sementara itu, UU Rumah Sakit mengatur kewajiban institusi Rumah Sakit dalam menyediakan fasilitas, perlindungan, dan dukungan agar praktik kedokteran dapat berjalan dengan baik dan sesuai standar mutu pelayanan. Dengan demikian, tanggung jawab medis bersifat ganda: tenaga medis bertanggung jawab secara profesional atas praktik kedokteran, sedangkan Rumah Sakit bertanggung jawab menyediakan lingkungan dan sistem yang mendukung praktik tersebut serta melindungi tenaga medis dan pasien.

Kesimpulannya, UU Praktik Kedokteran dan UU Rumah Sakit saling melengkapi dalam hal tanggung jawab medis, di mana tenaga medis bertanggung jawab atas praktik kedokteran secara profesional, dan Rumah Sakit bertanggung jawab menyediakan fasilitas, perlindungan, dan dukungan administratif untuk pelaksanaan praktik tersebut sesuai dengan standar pelayanan kesehatan yang berlaku.",13697,simple,small,2479,326,4,1,"{'model': 'text-embedding-3-small', 'table': 'documents_small', 'dimensions': 1536}",Bagaimana hubungan antara UU Praktik Kedokteran dengan UU Rumah Sakit dalam hal tanggung jawab medis?,analisis,hard,"['tanggung jawab', 'rumah sakit', 'praktik kedokteran']",1.0,0.8,1.0,0.9333333333333332
True,"Berdasarkan UU No. 17 Tahun 2023 (berlaku) Pasal 193 dan PP No. 28 Tahun 2024 (berlaku) Pasal 735 dan Pasal 738, hubungan antara UU Praktik Kedokteran dengan UU Rumah Sakit dalam hal tanggung jawab medis dapat dijelaskan sebagai berikut:

1. **Tanggung Jawab Rumah Sakit**  
   UU No. 17 Tahun 2023 Pasal 193 menyatakan bahwa Rumah Sakit bertanggung jawab secara hukum atas semua kerugian yang ditimbulkan akibat kelalaian yang dilakukan oleh Sumber Daya Manusia Kesehatan Rumah Sakit. Ini berarti Rumah Sakit sebagai institusi memiliki tanggung jawab hukum atas tindakan medis yang dilakukan oleh tenaga medis dan tenaga kesehatan yang bekerja di dalamnya.

2. **Kewajiban Tenaga Medis dan Tenaga Kesehatan**  
   PP No. 28 Tahun 2024 Pasal 735 mengatur kewajiban Tenaga Medis dan Tenaga Kesehatan dalam menjalankan praktik, yaitu memberikan pelayanan sesuai standar profesi, memperoleh persetujuan pasien, menjaga kerahasiaan kesehatan pasien, membuat dan menyimpan catatan medis, serta merujuk pasien sesuai kompetensi. Kewajiban ini menjadi dasar profesional dan etis bagi tenaga medis dalam memberikan pelayanan kesehatan.

3. **Kewajiban Pasien dan Hubungan dengan Tenaga Medis**  
   PP No. 28 Tahun 2024 Pasal 738 mengatur kewajiban pasien, termasuk memberikan informasi yang lengkap dan jujur, mematuhi nasihat tenaga medis, mematuhi ketentuan fasilitas pelayanan kesehatan, dan memberikan imbalan jasa. Hal ini menunjukkan adanya hubungan timbal balik antara pasien dan tenaga medis yang juga menjadi bagian dari tanggung jawab pelayanan kesehatan.

4. **Integrasi Tanggung Jawab**  
   Dengan demikian, UU Praktik Kedokteran (diatur dalam PP No. 28 Tahun 2024) menegaskan tanggung jawab profesional tenaga medis dan tenaga kesehatan dalam memberikan pelayanan sesuai standar, sedangkan UU Rumah Sakit (UU No. 17 Tahun 2023) menempatkan tanggung jawab hukum atas kelalaian tenaga medis tersebut pada institusi Rumah Sakit. Ini menunjukkan bahwa tanggung jawab medis bersifat ganda: secara profesional pada tenaga medis dan secara hukum pada Rumah Sakit sebagai penyelenggara pelayanan.

Kesimpulannya, UU Praktik Kedokteran mengatur kewajiban dan standar pelaksanaan praktik tenaga medis, sementara UU Rumah Sakit mengatur tanggung jawab hukum institusi Rumah Sakit atas kelalaian yang dilakukan oleh tenaga medis dan tenaga kesehatan di dalamnya. Keduanya saling melengkapi dalam rangka menjamin perlindungan hukum bagi pasien dan akuntabilitas pelayanan kesehatan.",12871,simple,large,2476,343,4,1,"{'model': 'text-embedding-3-large', 'table': 'documents', 'dimensions': 3072}",Bagaimana hubungan antara UU Praktik Kedokteran dengan UU Rumah Sakit dalam hal tanggung jawab medis?,analisis,hard,"['tanggung jawab', 'rumah sakit', 'praktik kedokteran']",1.0,0.8,1.0,0.9333333333333332
True,Agent stopped due to max iterations.,77886,multi,small,36,6,8,6,"{'model': 'small', 'parallel_execution': False, 'cached': False, 'modular_architecture': True, 'version': '2.0.0'}",Bagaimana hubungan antara UU Praktik Kedokteran dengan UU Rumah Sakit dalam hal tanggung jawab medis?,analisis,hard,"['tanggung jawab', 'rumah sakit', 'praktik kedokteran']",0.0,0.0,0.036,0.011999999999999999
True,Agent stopped due to max iterations.,82503,multi,large,36,6,7,6,"{'model': 'large', 'parallel_execution': False, 'cached': False, 'modular_architecture': True, 'version': '2.0.0'}",Bagaimana hubungan antara UU Praktik Kedokteran dengan UU Rumah Sakit dalam hal tanggung jawab medis?,analisis,hard,"['tanggung jawab', 'rumah sakit', 'praktik kedokteran']",0.0,0.0,0.036,0.011999999999999999
True,"Berdasarkan UU No. 17 Tahun 2023 (berlaku), perbedaan sanksi pidana dan perdata dalam kasus malpraktik medis dapat dijelaskan sebagai berikut:

1. **Sanksi Pidana**  
   - Diatur dalam Pasal 440 dan Pasal 441 UU No. 17 Tahun 2023.  
   - Sanksi pidana dikenakan kepada Tenaga Medis atau Tenaga Kesehatan yang melakukan kealpaan (malpraktik) yang mengakibatkan luka berat atau kematian pada pasien.  
     - Jika mengakibatkan luka berat, pidana penjara paling lama 3 tahun atau denda paling banyak Rp250.000.000,00 (Pasal 440 ayat 1).  
     - Jika mengakibatkan kematian, pidana penjara paling lama 5 tahun atau denda paling banyak Rp500.000.000,00 (Pasal 440 ayat 2).  
   - Selain itu, sanksi pidana juga dikenakan pada orang yang bukan Tenaga Medis melakukan praktik medis tanpa izin (Pasal 439), atau yang menggunakan identitas palsu sebagai Tenaga Medis (Pasal 441).

2. **Sanksi Perdata**  
   - Dalam dokumen yang tersedia, tidak ditemukan ketentuan khusus mengenai sanksi perdata dalam kasus malpraktik medis.  
   - Namun secara umum, sanksi perdata dalam malpraktik medis biasanya berupa tuntutan ganti rugi atas kerugian yang dialami pasien, yang diatur dalam hukum perdata di luar UU ini.

**Kesimpulan:**  
- Sanksi pidana dalam malpraktik medis diatur secara tegas dalam UU No. 17 Tahun 2023 dengan ancaman pidana penjara dan/atau denda.  
- Sanksi perdata tidak diatur secara spesifik dalam UU ini, sehingga penyelesaiannya biasanya melalui gugatan perdata untuk ganti rugi berdasarkan hukum perdata umum.

Jika Anda membutuhkan informasi lebih lanjut mengenai sanksi perdata, dokumen hukum perdata terkait malpraktik medis perlu dirujuk. Namun, dalam konteks UU No. 17 Tahun 2023, fokus utama adalah pada sanksi pidana.",21691,simple,small,1736,250,4,1,"{'model': 'text-embedding-3-small', 'table': 'documents_small', 'dimensions': 1536}",Apa perbedaan sanksi pidana dan perdata dalam kasus malpraktik medis?,hukum,hard,"['pidana', 'perdata', 'malpraktik', 'perbedaan']",1.0,1.0,1.0,1.0
True,"Berdasarkan UU No. 17 Tahun 2023 (berlaku), khususnya Pasal 440 dan Pasal 308, berikut perbedaan sanksi pidana dan perdata dalam kasus malpraktik medis:

1. **Sanksi Pidana**  
   - Diatur dalam Pasal 440 UU No. 17 Tahun 2023, sanksi pidana dikenakan kepada Tenaga Medis atau Tenaga Kesehatan yang melakukan kealpaan yang mengakibatkan luka berat atau kematian pada pasien.  
   - Contoh sanksi pidana:  
     - Kealpaan mengakibatkan luka berat: pidana penjara paling lama 3 tahun atau denda paling banyak Rp250.000.000,00.  
     - Kealpaan mengakibatkan kematian: pidana penjara paling lama 5 tahun atau denda paling banyak Rp500.000.000,00.  
   - Proses penyidikan terhadap dugaan tindak pidana malpraktik harus didahului dengan rekomendasi dari majelis profesi (Pasal 308 ayat (1) dan (3)).

2. **Sanksi Perdata**  
   - Sanksi perdata berkaitan dengan pertanggungjawaban atas kerugian yang dialami pasien akibat tindakan malpraktik.  
   - Tenaga Medis atau Tenaga Kesehatan yang dimintai pertanggungjawaban secara perdata harus mendapatkan rekomendasi dari majelis profesi terlebih dahulu (Pasal 308 ayat (2) dan (4)).  
   - Rekomendasi ini menilai apakah pelaksanaan praktik keprofesian sesuai dengan standar profesi, pelayanan, dan prosedur operasional.  
   - Sanksi perdata biasanya berupa ganti rugi atau kompensasi kepada pasien atau keluarganya.

**Kesimpulan:**  
- **Sanksi pidana** menitikberatkan pada hukuman penjara dan/atau denda yang dikenakan kepada Tenaga Medis/Kesehatan atas kealpaan yang menyebabkan luka berat atau kematian.  
- **Sanksi perdata** berfokus pada kompensasi atau ganti rugi atas kerugian yang dialami pasien akibat malpraktik.  
- Kedua jenis sanksi ini memerlukan rekomendasi dari majelis profesi sebagai prasyarat proses hukum.

Informasi ini sesuai dengan ketentuan UU No. 17 Tahun 2023 Pasal 440 dan Pasal 308 (berlaku). Jika Anda membutuhkan penjelasan lebih rinci mengenai prosedur atau jenis sanksi perdata, dokumen yang tersedia tidak memuat detail tersebut.",12403,simple,large,2011,271,4,1,"{'model': 'text-embedding-3-large', 'table': 'documents', 'dimensions': 3072}",Apa perbedaan sanksi pidana dan perdata dalam kasus malpraktik medis?,hukum,hard,"['pidana', 'perdata', 'malpraktik', 'perbedaan']",1.0,1.0,1.0,1.0
True,"Perbedaan sanksi pidana dan perdata dalam kasus malpraktik medis menurut hukum kesehatan Indonesia yang berlaku adalah sebagai berikut:

1. Sanksi Pidana:
- Diatur dalam UU No. 17 Tahun 2023 Pasal 440, tenaga medis atau tenaga kesehatan yang melakukan kealpaan yang mengakibatkan pasien luka berat dapat dipidana dengan pidana penjara paling lama 3 tahun atau denda paling banyak Rp250 juta.
- Jika kealpaan tersebut mengakibatkan kematian, pidana penjara paling lama 5 tahun atau denda paling banyak Rp500 juta dapat dikenakan.
- Proses penyidikan sanksi pidana harus mendapatkan rekomendasi dari majelis profesi terlebih dahulu (Pasal 308 UU No. 17 Tahun 2023).

2. Sanksi Perdata:
- Tenaga medis atau tenaga kesehatan yang merugikan pasien secara perdata harus dimintakan rekomendasi dari majelis profesi sebelum pertanggungjawaban perdata dilakukan (Pasal 308 ayat 2 UU No. 17 Tahun 2023).
- Perselisihan akibat kesalahan yang menyebabkan kerugian kepada pasien diselesaikan terlebih dahulu melalui alternatif penyelesaian sengketa di luar pengadilan (Pasal 310 UU No. 17 Tahun 2023).

3. Sanksi Administratif (sering terkait dengan perdata):
- Diatur dalam PP No. 28 Tahun 2024 Pasal 736, berupa teguran lisan, peringatan tertulis, denda administratif, dan/atau pencabutan izin bagi tenaga medis yang melanggar kewajiban profesi.

Singkatnya, sanksi pidana berfokus pada hukuman penjara dan denda yang dikenakan oleh negara atas kealpaan yang mengakibatkan luka berat atau kematian pasien. Sanksi perdata lebih kepada pertanggungjawaban ganti rugi kepada pasien yang dirugikan dan penyelesaian sengketa secara non-litigasi. Sanksi administratif berupa tindakan disipliner oleh otoritas profesi.

Sumber:
- UU No. 17 Tahun 2023 Pasal 308, 310, 440
- PP No. 28 Tahun 2024 Pasal 736",59474,multi,small,1784,257,7,5,"{'model': 'small', 'parallel_execution': False, 'cached': False, 'modular_architecture': True, 'version': '2.0.0'}",Apa perbedaan sanksi pidana dan perdata dalam kasus malpraktik medis?,hukum,hard,"['pidana', 'perdata', 'malpraktik', 'perbedaan']",1.0,0.8,1.0,0.9333333333333332
True,"Perbedaan sanksi pidana dan perdata dalam kasus malpraktik medis menurut hukum kesehatan Indonesia yang berlaku adalah sebagai berikut:

1. Sanksi Pidana
   - Tenaga Medis atau Tenaga Kesehatan yang melakukan kealpaan yang mengakibatkan pasien luka berat dapat dipidana dengan pidana penjara paling lama 3 tahun atau denda paling banyak Rp250.000.000,00.
   - Jika kealpaan tersebut mengakibatkan kematian pasien, pidana penjara paling lama adalah 5 tahun atau denda paling banyak Rp500.000.000,00.
   - Proses pemberian sanksi pidana harus diawali dengan permohonan rekomendasi dari majelis setelah penyidik mengajukan permohonan secara tertulis.
   - Sanksi pidana ini diatur dalam Pasal 440 dan Pasal 308 Undang-Undang No. 17 Tahun 2023 tentang Kesehatan.

2. Sanksi Perdata
   - Tenaga Medis atau Tenaga Kesehatan yang bertanggung jawab atas tindakan yang merugikan pasien secara perdata juga harus mendapatkan rekomendasi dari majelis setelah mengajukan permohonan secara tertulis.
   - Sanksi perdata berupa pertanggungjawaban atas kerugian yang dialami pasien, yang dapat berupa ganti rugi atau kompensasi sesuai putusan pengadilan.
   - Prosedur rekomendasi perdata diatur dalam Pasal 308 Undang-Undang No. 17 Tahun 2023 tentang Kesehatan.

3. Perbedaan Prosedur dan Jenis Sanksi
   - Sanksi pidana berfokus pada hukuman penjara dan/atau denda yang bersifat pidana, sedangkan sanksi perdata berfokus pada ganti rugi kepada pasien.
   - Keduanya memerlukan rekomendasi dari majelis yang berbeda prosedur pengajuannya: penyidik untuk pidana, dan tenaga medis atau kuasa hukum untuk perdata.

4. Sanksi Administratif (Tambahan)
   - Selain sanksi pidana dan perdata, tenaga medis juga dapat dikenai sanksi administratif seperti teguran lisan, peringatan tertulis, denda administratif, dan pencabutan izin praktik sesuai PP No. 28 Tahun 2024 Pasal 736.
   - Sanksi administratif ini berbeda dengan sanksi pidana dan perdata dan lebih bersifat pengaturan internal profesi.

Kesimpulannya, sanksi pidana dalam malpraktik medis berfokus pada hukuman penjara dan denda yang dikenakan oleh negara, sedangkan sanksi perdata berfokus pada kompensasi kerugian kepada pasien. Keduanya memerlukan rekomendasi majelis sebagai prasyarat proses hukum, dengan prosedur yang berbeda. Sanksi administratif merupakan sanksi tambahan yang mengatur aspek izin dan kedisiplinan tenaga medis (UU No. 17 Tahun 2023 Pasal 308 dan 440; PP No. 28 Tahun 2024 Pasal 736).",81727,multi,large,2448,335,7,5,"{'model': 'large', 'parallel_execution': False, 'cached': False, 'modular_architecture': True, 'version': '2.0.0'}",Apa perbedaan sanksi pidana dan perdata dalam kasus malpraktik medis?,hukum,hard,"['pidana', 'perdata', 'malpraktik', 'perbedaan']",1.0,0.8,1.0,0.9333333333333332
True,"Berdasarkan PP No. 28 Tahun 2024 (berlaku) Pasal 557 sampai dengan Pasal 564, implementasi telemedicine dalam konteks peraturan praktik kedokteran di Indonesia diatur sebagai berikut:

1. **Definisi dan Ruang Lingkup Telemedicine**  
   Telemedicine atau telekesehatan merupakan upaya pelayanan kesehatan yang memanfaatkan teknologi informasi dan komunikasi jarak jauh, meliputi pelayanan klinis (konsultasi klinis dan konsultasi hasil pemeriksaan penunjang) serta pelayanan nonklinis (promotif, preventif, kuratif, rehabilitatif, paliatif, dan sistem informasi serta administrasi kesehatan) (Pasal 557 ayat (1)-(3)).

2. **Penyelenggaraan Telemedicine**  
   Telemedicine dapat diselenggarakan dalam dua bentuk layanan:  
   a. Antar-Fasilitas Pelayanan Kesehatan (misalnya antar rumah sakit atau puskesmas) untuk diagnosis, penatalaksanaan klinis, dan pencegahan penyakit/cedera.  
   b. Antara Fasilitas Pelayanan Kesehatan dengan masyarakat (pasien perseorangan) untuk tujuan yang sama (Pasal 558 ayat (1)-(3)).

3. **Pihak Penyelenggara dan Persyaratan**  
   Fasilitas pelayanan kesehatan yang dapat menyelenggarakan telemedicine meliputi rumah sakit, puskesmas, klinik, praktik mandiri tenaga medis atau tenaga kesehatan, laboratorium kesehatan, dan apotek (Pasal 558 ayat (5)).  
   Penyelenggara telemedicine harus memenuhi persyaratan infrastruktur, jenis pelayanan, sumber daya manusia, dan standar klinis (Pasal 558 ayat (6)).

4. **Perangkat Lunak dan Aplikasi**  
   Telemedicine menggunakan aplikasi yang harus menjamin keamanan dan keselamatan data sesuai ketentuan peraturan perundang-undangan (Pasal 560 ayat (1)).  
   Fasilitas pelayanan kesehatan dapat menggunakan aplikasi mandiri, milik pemerintah, atau swasta. Jika menggunakan aplikasi mandiri, aplikasi tersebut harus teregistrasi di kementerian yang mengurusi bidang kesehatan sesuai ketentuan yang berlaku (Pasal 560 ayat (2)-(4)).

5. **Ketentuan Lebih Lanjut**  
   Detail teknis dan tata cara penyelenggaraan telemedicine akan diatur lebih lanjut dengan Peraturan Menteri (Pasal 564).

Dengan demikian, implementasi telemedicine dalam praktik kedokteran di Indonesia diatur secara komprehensif dalam PP No. 28 Tahun 2024 (berlaku), yang mengatur definisi, jenis layanan, persyaratan fasilitas dan sumber daya, penggunaan aplikasi, serta kewajiban registrasi aplikasi telemedicine. Ketentuan rinci pelaksanaannya akan diatur lebih lanjut oleh Peraturan Menteri Kesehatan.",20475,simple,small,2451,291,4,1,"{'model': 'text-embedding-3-small', 'table': 'documents_small', 'dimensions': 1536}",Bagaimana implementasi telemedicine dalam konteks peraturan praktik kedokteran di Indonesia?,teknologi,hard,"['telemedicine', 'teknologi', 'peraturan']",1.0,1.0,1.0,1.0
True,"Berdasarkan UU No. 17 Tahun 2023 (berlaku) Pasal 172, PP No. 28 Tahun 2024 (berlaku) Pasal 557, 558, dan 564, implementasi telemedicine dalam konteks peraturan praktik kedokteran di Indonesia adalah sebagai berikut:

1. **Definisi dan Ruang Lingkup Telemedicine**  
   Telemedicine merupakan bagian dari pelayanan telekesehatan yang memanfaatkan teknologi informasi dan komunikasi jarak jauh untuk memberikan pelayanan klinis, termasuk konsultasi, diagnosis, penatalaksanaan klinis, dan pencegahan penyakit (PP No. 28 Tahun 2024 Pasal 557 dan 558).

2. **Penyelenggara Telemedicine**  
   Pelayanan telemedicine dapat diselenggarakan oleh Fasilitas Pelayanan Kesehatan, yang meliputi rumah sakit, puskesmas, klinik, praktik mandiri tenaga medis atau tenaga kesehatan, laboratorium kesehatan, dan apotek (PP No. 28 Tahun 2024 Pasal 558 ayat (5)).  
   Fasilitas ini dapat menyelenggarakan telemedicine secara mandiri atau bekerja sama dengan penyelenggara sistem elektronik yang terdaftar sesuai ketentuan peraturan perundang-undangan (UU No. 17 Tahun 2023 Pasal 172 ayat (2) dan PP No. 28 Tahun 2024 Pasal 558 ayat (4)).

3. **Jenis Layanan Telemedicine**  
   Telemedicine meliputi layanan:  
   a. Antar-Fasilitas Pelayanan Kesehatan, yaitu komunikasi antara fasilitas kesehatan untuk diagnosis, penatalaksanaan klinis, dan pencegahan penyakit (PP No. 28 Tahun 2024 Pasal 558 ayat (2)).  
   b. Antara Fasilitas Pelayanan Kesehatan dengan masyarakat, yaitu pelayanan langsung kepada individu untuk tujuan diagnosis dan penatalaksanaan klinis (PP No. 28 Tahun 2024 Pasal 558 ayat (3)).

4. **Tenaga Medis dan Tenaga Kesehatan**  
   Pelayanan telemedicine harus dilakukan oleh tenaga medis atau tenaga kesehatan yang memiliki izin praktik sesuai ketentuan peraturan perundang-undangan (UU No. 17 Tahun 2023 Pasal 172 ayat (4)).

5. **Persyaratan Penyelenggaraan**  
   Fasilitas pelayanan kesehatan yang menyelenggarakan telemedicine wajib memenuhi persyaratan terkait infrastruktur, jenis pelayanan, sumber daya manusia, dan standar klinis (PP No. 28 Tahun 2024 Pasal 558 ayat (6)).  
   Ketentuan lebih lanjut mengenai penyelenggaraan telemedicine dan persyaratan teknis diatur dengan Peraturan Menteri (PP No. 28 Tahun 2024 Pasal 564 dan Pasal 557 ayat (5)).

6. **Regulasi Pelengkap**  
   Ketentuan lebih rinci mengenai penyelenggaraan telemedicine akan diatur dalam Peraturan Menteri yang mengatur aspek teknis dan operasional pelaksanaan telemedicine sesuai amanat PP No. 28 Tahun 2024 Pasal 564.

**Kesimpulan:**  
Implementasi telemedicine di Indonesia diatur secara komprehensif dalam UU No. 17 Tahun 2023 dan PP No. 28 Tahun 2024 yang mengatur jenis layanan, penyelenggara, tenaga kesehatan yang berwenang, serta persyaratan teknis dan standar klinis. Pelaksanaan telemedicine harus memenuhi standar yang ditetapkan dan dilakukan oleh tenaga medis berizin, dengan ketentuan lebih lanjut diatur oleh Peraturan Menteri.",16200,simple,large,2929,384,4,1,"{'model': 'text-embedding-3-large', 'table': 'documents', 'dimensions': 3072}",Bagaimana implementasi telemedicine dalam konteks peraturan praktik kedokteran di Indonesia?,teknologi,hard,"['telemedicine', 'teknologi', 'peraturan']",1.0,1.0,1.0,1.0
True,"Implementasi telemedicine dalam konteks peraturan praktik kedokteran di Indonesia diatur secara komprehensif dengan ketentuan sebagai berikut:

1. Pelayanan Telemedicine oleh Fasilitas Pelayanan Kesehatan  
   Fasilitas Pelayanan Kesehatan dapat memberikan pelayanan telemedicine baik secara mandiri maupun bekerja sama dengan penyelenggara sistem elektronik yang terdaftar sesuai peraturan perundang-undangan. Pelayanan ini meliputi dua jenis layanan:  
   a. Telemedicine antar-Fasilitas Pelayanan Kesehatan untuk diagnosis, penatalaksanaan klinis, dan pencegahan penyakit/cedera.  
   b. Telemedicine antara Fasilitas Pelayanan Kesehatan dengan masyarakat untuk tujuan yang sama.  
   Pelayanan telemedicine ini harus dilakukan oleh tenaga medis atau tenaga kesehatan yang memiliki izin praktik.

2. Penggunaan Aplikasi Telekesehatan dan Telemedicine  
   Penyelenggara telekesehatan dan telemedicine dapat menggunakan aplikasi yang memenuhi standar keamanan dan keselamatan data sesuai peraturan perundang-undangan. Aplikasi tersebut bisa dikembangkan secara mandiri atau menggunakan aplikasi milik pemerintah/swasta. Jika aplikasi dikembangkan mandiri, wajib teregistrasi di kementerian yang menyelenggarakan urusan kesehatan.

3. Ruang Lingkup Telekesehatan  
   Telekesehatan mencakup pelayanan kesehatan yang memanfaatkan teknologi informasi dan komunikasi jarak jauh, meliputi pelayanan klinis (konsultasi klinis dan konsultasi hasil pemeriksaan penunjang) dan pelayanan nonklinis (promotif, preventif, kuratif, rehabilitatif, paliatif, serta sistem informasi dan administrasi kesehatan). Persyaratan penyelenggaraan meliputi sumber daya manusia, sarana/prasarana, peralatan, dan aplikasi, yang diatur lebih lanjut oleh Peraturan Menteri.

4. Ketentuan Peraturan Lebih Lanjut  
   Ketentuan teknis dan tata cara penyelenggaraan telemedicine diatur lebih lanjut dengan Peraturan Pemerintah dan Peraturan Menteri, sebagai pelaksanaan dari Undang-Undang Kesehatan dan peraturan pelaksanaannya.

Kesimpulannya, telemedicine di Indonesia harus dilakukan oleh tenaga kesehatan berizin, menggunakan aplikasi yang aman dan terdaftar, dengan cakupan layanan yang jelas antara fasilitas kesehatan dan masyarakat, serta mengikuti persyaratan teknis yang diatur secara rinci dalam peraturan pelaksana.

(Sumber: PP No. 28 Tahun 2024 Pasal 555, 557, 558; UU No. 17 Tahun 2023 Pasal 172)",98763,multi,small,2382,276,5,3,"{'model': 'small', 'parallel_execution': False, 'cached': False, 'modular_architecture': True, 'version': '2.0.0'}",Bagaimana implementasi telemedicine dalam konteks peraturan praktik kedokteran di Indonesia?,teknologi,hard,"['telemedicine', 'teknologi', 'peraturan']",1.0,0.8,1.0,0.9333333333333332
True,"Implementasi telemedicine dalam konteks peraturan praktik kedokteran di Indonesia diatur secara komprehensif dalam Undang-Undang dan Peraturan Pemerintah terkait. Berikut poin-poin utama implementasinya:

1. Penyelenggaraan Telemedicine oleh Fasilitas Pelayanan Kesehatan  
   Fasilitas Pelayanan Kesehatan dapat memberikan pelayanan telemedicine baik secara mandiri maupun bekerja sama dengan penyelenggara sistem elektronik yang terdaftar sesuai ketentuan peraturan perundang-undangan. Pelayanan ini meliputi dua jenis layanan:  
   a. Antar-Fasilitas Pelayanan Kesehatan (untuk diagnosis, penatalaksanaan klinis, dan pencegahan penyakit/cedera).  
   b. Antara Fasilitas Pelayanan Kesehatan dengan masyarakat (untuk kepentingan diagnosis, penatalaksanaan klinis, dan pencegahan penyakit/cedera).

2. Pelaksanaan oleh Tenaga Medis Berizin  
   Pelayanan telemedicine yang diberikan oleh Fasilitas Pelayanan Kesehatan harus dilakukan oleh tenaga medis atau tenaga kesehatan yang memiliki izin praktik sesuai ketentuan yang berlaku, sehingga menjamin legalitas dan profesionalisme pelayanan.

3. Penggunaan Aplikasi Telemedicine  
   Penyelenggara telekesehatan dan telemedicine dapat menggunakan aplikasi yang dikembangkan secara mandiri atau milik pemerintah/swasta, dengan syarat aplikasi tersebut memiliki sistem keamanan dan keselamatan data sesuai peraturan perundang-undangan. Aplikasi mandiri harus teregistrasi di kementerian kesehatan.

4. Persyaratan Penyelenggaraan Telekesehatan  
   Telekesehatan sebagai bagian dari telemedicine merupakan pelayanan kesehatan yang memanfaatkan teknologi informasi dan komunikasi jarak jauh, meliputi pelayanan klinis (konsultasi klinis dan hasil pemeriksaan penunjang) dan nonklinis (promotif, preventif, kuratif, rehabilitatif, paliatif, serta sistem informasi dan administrasi kesehatan). Penyelenggaraan telekesehatan harus memenuhi persyaratan sumber daya manusia, sarana dan prasarana, peralatan, dan aplikasi yang diatur lebih lanjut dengan Peraturan Menteri.

5. Keamanan Data dan Registrasi Aplikasi  
   Sistem aplikasi telemedicine harus menjamin keamanan dan keselamatan data pasien sesuai ketentuan peraturan perundang-undangan, dan aplikasi yang dikembangkan secara mandiri wajib didaftarkan di kementerian kesehatan.

6. Regulasi Pelaksanaan Lebih Lanjut  
   Ketentuan lebih lanjut mengenai penyelenggaraan telemedicine diatur dengan Peraturan Pemerintah, yang mengatur tata cara dan standar pelaksanaan agar sesuai dengan praktik kedokteran yang aman dan profesional.

Kesimpulannya, implementasi telemedicine di Indonesia mengedepankan legalitas praktik tenaga medis berizin, penggunaan aplikasi yang aman dan terdaftar, serta pengaturan teknis dan administratif yang diatur secara rinci dalam peraturan perundang-undangan terkait praktik kedokteran dan pelayanan kesehatan jarak jauh.

Sumber:
- PP No. 28 Tahun 2024 Pasal 555, 557, 558
- UU No. 17 Tahun 2023 Pasal 172",95060,multi,large,2935,339,5,3,"{'model': 'large', 'parallel_execution': False, 'cached': False, 'modular_architecture': True, 'version': '2.0.0'}",Bagaimana implementasi telemedicine dalam konteks peraturan praktik kedokteran di Indonesia?,teknologi,hard,"['telemedicine', 'teknologi', 'peraturan']",1.0,0.8,1.0,0.9333333333333332
True,"Berdasarkan PP No. 28 Tahun 2024 (berlaku) Pasal 723, UU No. 17 Tahun 2023 (berlaku) Pasal 3 dan Pasal 302, serta PP No. 32 Tahun 1996 (berlaku) Pasal 24, berikut adalah analisis komprehensif mengenai perlindungan hukum bagi pasien dan tenaga kesehatan dalam sistem kesehatan nasional Indonesia:

1. **Dasar dan Tujuan Perlindungan Hukum dalam Sistem Kesehatan**
   - UU No. 17 Tahun 2023 Pasal 3 huruf h menegaskan bahwa penyelenggaraan kesehatan bertujuan memberikan pelindungan dan kepastian hukum bagi pasien, sumber daya manusia kesehatan, dan masyarakat. Hal ini menempatkan perlindungan hukum sebagai salah satu tujuan fundamental dalam sistem kesehatan nasional.

2. **Perlindungan Hukum bagi Tenaga Medis dan Tenaga Kesehatan**
   - PP No. 28 Tahun 2024 Pasal 723 ayat (1) menyatakan bahwa pelindungan hukum diberikan oleh Pemerintah Pusat, Pemerintah Daerah, dan pimpinan fasilitas pelayanan kesehatan.
   - Bentuk pelindungan hukum untuk mencegah pelanggaran meliputi:
     a. Penetapan standar profesi, standar pelayanan, standar prosedur operasional, norma, dan kriteria praktik keprofesian (Pasal 723 ayat (2) huruf a).
     b. Memastikan tenaga kesehatan memiliki Surat Tanda Registrasi (STR) dan Surat Izin Praktik (SIP) (huruf b).
     c. Memastikan praktik sesuai kewenangan klinis (huruf c).
     d. Persetujuan pasien atau keluarga untuk tindakan medis, kecuali dalam keadaan kegawatdaruratan (huruf d).
     e. Fasilitasi manfaat pelindungan tanggung gugat profesi (huruf e).
   - Pelindungan hukum bagi tenaga kesehatan yang menghadapi permasalahan hukum dilakukan melalui penyelesaian perselisihan, penegakan etika profesi, disiplin keilmuan, dan hukum (Pasal 723 ayat (3)).
   - Instansi tempat bekerja wajib memberikan bantuan hukum berupa konsultasi dan pendampingan dalam penyelesaian sengketa (Pasal 723 ayat (4)).
   - PP No. 32 Tahun 1996 Pasal 24 juga menegaskan bahwa perlindungan hukum diberikan kepada tenaga kesehatan yang menjalankan tugas sesuai standar profesi.

3. **Perlindungan Hukum bagi Pasien**
   - Pasien berhak mendapatkan informasi yang lengkap dan benar dari tenaga medis dan tenaga kesehatan, termasuk data diri, riwayat penyakit, tindakan yang dilakukan, dan informasi lain yang diperlukan (PP No. 28 Tahun 2024 Pasal 724).
   - Hal ini merupakan bagian dari hak pasien untuk mendapatkan pelayanan kesehatan yang transparan dan akuntabel.

4. **Perlindungan Hukum dalam Pelaporan Tindak Pidana**
   - UU No. 17 Tahun 2023 Pasal 302 memberikan hak kepada tenaga medis dan tenaga kesehatan untuk melaporkan dugaan tindak pidana yang terjadi pada pasien kepada aparat penegak hukum.
   - Pelaporan ini dikecualikan dari rahasia kesehatan, dan tenaga kesehatan yang melaporkan wajib mendapatkan pelindungan hukum agar tidak dirugikan secara hukum.

5. **Peran Pemerintah dan Fasilitas Pelayanan Kesehatan**
   - Pemerintah pusat dan daerah serta pimpinan fasilitas pelayanan kesehatan memiliki kewajiban aktif dalam memberikan pelindungan hukum, baik preventif (mencegah pelanggaran) maupun represif (membantu menghadapi masalah hukum).
   - Ketentuan lebih lanjut mengenai pelindungan hukum bagi tenaga medis dan tenaga kesehatan diatur dengan Peraturan Menteri, yang mengatur detail teknis pelaksanaan.

**Kesimpulan:**
Sistem kesehatan nasional Indonesia secara tegas mengatur perlindungan hukum bagi pasien dan tenaga kesehatan melalui berbagai regulasi yang saling melengkapi. Perlindungan ini mencakup aspek pencegahan pelanggaran melalui standar profesi dan prosedur, pemberian informasi yang transparan kepada pasien, serta bantuan hukum dan pendampingan bagi tenaga kesehatan yang menghadapi masalah hukum. Selain itu, tenaga kesehatan juga dilindungi saat melaporkan dugaan tindak pidana yang berkaitan dengan pasien. Pemerintah dan fasilitas pelayanan kesehatan memiliki peran sentral dalam pelaksanaan perlindungan ini, yang diatur secara rinci dalam peraturan pelaksana.

Jika Anda membutuhkan penjelasan lebih rinci mengenai aspek tertentu dari perlindungan hukum ini, silakan ajukan pertanyaan spesifik.",33166,simple,small,4065,543,4,1,"{'model': 'text-embedding-3-small', 'table': 'documents_small', 'dimensions': 1536}",Analisis komprehensif tentang perlindungan hukum bagi pasien dan tenaga kesehatan dalam sistem kesehatan nasional,komprehensif,very_hard,"['perlindungan hukum', 'pasien', 'tenaga kesehatan', 'sistem kesehatan']",1.0,1.0,1.0,1.0
True,"Berdasarkan UU No. 17 Tahun 2023 (berlaku) Pasal 302, serta PP No. 28 Tahun 2024 (berlaku) Pasal 721, 723, dan 735, berikut adalah analisis komprehensif mengenai perlindungan hukum bagi pasien dan tenaga kesehatan dalam sistem kesehatan nasional Indonesia:

1. **Perlindungan Hukum bagi Tenaga Medis dan Tenaga Kesehatan**

   - **Hak atas Perlindungan Hukum**  
     PP No. 28 Tahun 2024 Pasal 721 ayat (1) huruf a menegaskan bahwa tenaga medis dan tenaga kesehatan berhak mendapatkan pelindungan hukum sepanjang melaksanakan tugas sesuai dengan standar profesi, standar pelayanan, standar prosedur operasional, dan etika profesi serta kebutuhan kesehatan pasien.  
     Selanjutnya, Pasal 723 ayat (1) menyatakan bahwa pelindungan hukum ini diberikan oleh Pemerintah Pusat, Pemerintah Daerah, dan pimpinan fasilitas pelayanan kesehatan. Bentuk pelindungan hukum meliputi pencegahan pelanggaran dan bantuan hukum saat menghadapi permasalahan hukum (Pasal 723 ayat 1 dan 3).

   - **Bentuk Pelindungan Hukum**  
     Pencegahan pelanggaran dilakukan melalui penerapan standar profesi, standar pelayanan, prosedur operasional, memastikan tenaga medis memiliki Surat Tanda Registrasi (STR) dan Surat Izin Praktik (SIP), serta memastikan praktik sesuai kewenangan klinis (Pasal 723 ayat 2).  
     Bantuan hukum meliputi konsultasi hukum dan pendampingan dalam penyelesaian sengketa (Pasal 723 ayat 4).

   - **Pelindungan dalam Pelaporan Dugaan Tindak Pidana**  
     UU No. 17 Tahun 2023 Pasal 302 memberikan hak kepada tenaga medis dan tenaga kesehatan untuk melaporkan dugaan tindak pidana pada pasien yang diberi pelayanan kesehatan kepada aparat penegak hukum, dengan pengecualian dari rahasia kesehatan. Tenaga medis yang melaporkan wajib mendapatkan pelindungan hukum (Pasal 302 ayat 1-3).

   - **Kewajiban dan Standar Praktik**  
     Tenaga medis wajib memberikan pelayanan sesuai standar profesi dan etika, memperoleh persetujuan pasien, menjaga rahasia kesehatan, membuat dokumentasi, dan merujuk pasien bila perlu (PP No. 28 Tahun 2024 Pasal 735 ayat 1). Kewajiban ini dilaksanakan sesuai kompetensi dan kewenangan (Pasal 735 ayat 3).

2. **Perlindungan Hukum bagi Pasien**

   - **Hak Mendapatkan Informasi**  
     Tenaga medis wajib memberikan informasi yang lengkap dan benar kepada pasien atau keluarganya (PP No. 28 Tahun 2024 Pasal 721 huruf b). Informasi ini meliputi data diri, riwayat penyakit, tindakan yang dilakukan, masalah kesehatan yang dirasakan, kemampuan pembiayaan, dan informasi lain yang diperlukan (Pasal 724).

   - **Persetujuan Tindakan**  
     Tenaga medis wajib memperoleh persetujuan dari pasien atau keluarganya sebelum melakukan tindakan, kecuali dalam kondisi kegawatdaruratan (PP No. 28 Tahun 2024 Pasal 735 ayat 1 huruf b dan Pasal 723 ayat 2 huruf d).

   - **Rahasia Kesehatan**  
     Rahasia kesehatan pasien dijaga oleh tenaga medis, namun dapat dibuka untuk kepentingan tertentu seperti penegakan hukum, penanggulangan wabah, pendidikan, perlindungan keselamatan orang lain, dan kepentingan administratif sesuai ketentuan perundang-undangan (PP No. 28 Tahun 2024 Pasal 735 ayat 2).

3. **Keseimbangan Perlindungan antara Pasien dan Tenaga Kesehatan**

   - Perlindungan hukum bagi tenaga medis tidak hanya bersifat reaktif (bantuan hukum saat menghadapi masalah), tetapi juga preventif melalui penerapan standar profesi dan prosedur yang ketat.  
   - Pasien dilindungi melalui hak atas informasi, persetujuan tindakan, dan kerahasiaan data kesehatan, yang juga menjadi kewajiban tenaga medis.  
   - Pelaporan dugaan tindak pidana oleh tenaga medis mendapat perlindungan hukum, sehingga mendorong transparansi dan akuntabilitas dalam pelayanan kesehatan.

4. **Peran Pemerintah dan Fasilitas Pelayanan Kesehatan**

   - Pemerintah pusat dan daerah serta pimpinan fasilitas pelayanan kesehatan bertanggung jawab memberikan pelindungan hukum, termasuk penyediaan konsultasi dan pendampingan hukum bagi tenaga medis (PP No. 28 Tahun 2024 Pasal 723 ayat 1 dan 4).  
   - Pemerintah juga mengatur standar profesi dan prosedur operasional sebagai bagian dari pelindungan hukum preventif.

**Kesimpulan:**  
Perlindungan hukum dalam sistem kesehatan nasional Indonesia diatur secara komprehensif melalui UU No. 17 Tahun 2023 dan PP No. 28 Tahun 2024 yang memberikan hak dan kewajiban jelas bagi tenaga medis dan pasien. Tenaga medis mendapatkan pelindungan hukum baik dalam menjalankan praktik sesuai standar maupun dalam menghadapi masalah hukum, sementara pasien dilindungi haknya atas informasi, persetujuan tindakan, dan kerahasiaan data kesehatan. Pemerintah dan fasilitas pelayanan kesehatan memiliki peran sentral dalam memberikan pelindungan hukum tersebut, sehingga tercipta sistem pelayanan kesehatan yang aman, profesional, dan akuntabel.",37281,simple,large,4795,633,4,1,"{'model': 'text-embedding-3-large', 'table': 'documents', 'dimensions': 3072}",Analisis komprehensif tentang perlindungan hukum bagi pasien dan tenaga kesehatan dalam sistem kesehatan nasional,komprehensif,very_hard,"['perlindungan hukum', 'pasien', 'tenaga kesehatan', 'sistem kesehatan']",1.0,1.0,1.0,1.0
True,"Perlindungan hukum bagi pasien dan tenaga kesehatan dalam sistem kesehatan nasional diatur secara komprehensif dengan fokus pada kewajiban, hak, dan jaminan hukum yang saling melengkapi.

1. **Perlindungan Hukum bagi Tenaga Kesehatan**  
   Tenaga medis dan tenaga kesehatan berhak mendapatkan pelindungan hukum sepanjang melaksanakan tugas sesuai standar profesi, standar pelayanan, standar prosedur operasional, dan etika profesi serta kebutuhan kesehatan pasien. Pelindungan ini meliputi kepastian hukum dalam menjalankan pelayanan kesehatan, jaminan bekerja tanpa paksaan atau ancaman, serta jaminan bekerja sesuai kewenangan dan kompetensi profesi mereka. Selain itu, tenaga kesehatan berhak atas pelindungan keselamatan, kesehatan kerja, keamanan, jaminan kesehatan, jaminan ketenagakerjaan, dan perlindungan dari perlakuan yang merendahkan harkat dan martabat manusia.

2. **Kewajiban Tenaga Kesehatan dalam Memberikan Pelayanan**  
   Tenaga kesehatan wajib memberikan pelayanan sesuai standar profesi dan etika, memperoleh persetujuan dari pasien atau keluarganya sebelum tindakan, menjaga rahasia kesehatan pasien, membuat dan menyimpan catatan pemeriksaan dan tindakan, serta merujuk pasien ke tenaga kesehatan lain yang kompeten jika diperlukan. Rahasia kesehatan pasien hanya dapat dibuka dalam kondisi tertentu seperti untuk kepentingan penegakan hukum, penanggulangan wabah, pendidikan terbatas, dan perlindungan keselamatan orang lain.

3. **Hak dan Perlindungan Pasien**  
   Pasien memiliki hak atas kerahasiaan data kesehatan yang dijaga oleh tenaga kesehatan. Namun, apabila terdapat dugaan tindak pidana yang melibatkan pasien, tenaga kesehatan berhak dan wajib melaporkannya kepada aparat penegak hukum dengan pengecualian dari kewajiban menjaga rahasia kesehatan. Tenaga kesehatan yang melaporkan dugaan tindak pidana tersebut wajib mendapatkan pelindungan hukum agar tidak mengalami tekanan atau ancaman.

4. **Hubungan Hak dan Kewajiban dalam Pelayanan Kesehatan**  
   Sistem perlindungan hukum ini bertujuan memberikan kepastian hukum bagi tenaga kesehatan dalam melaksanakan tugasnya, sekaligus melindungi hak pasien atas pelayanan yang aman, bermutu, dan rahasia. Dengan demikian, perlindungan hukum tidak hanya menjaga tenaga kesehatan dari risiko hukum yang tidak adil, tetapi juga menjamin hak pasien atas pelayanan kesehatan yang profesional dan etis.

Kesimpulannya, perlindungan hukum dalam sistem kesehatan nasional mengatur secara seimbang hak dan kewajiban pasien dan tenaga kesehatan, memberikan jaminan kepastian hukum, keselamatan kerja, dan penghormatan terhadap kerahasiaan serta etika profesi, sekaligus mengakomodasi kebutuhan pelaporan tindak pidana demi kepentingan hukum dan keselamatan masyarakat.

(Sumber: PP No. 28 Tahun 2024 Pasal 721, 722, 735; PP No. 32 Tahun 1996 Pasal 24; UU No. 17 Tahun 2023 Pasal 302)",86973,multi,small,2861,364,5,3,"{'model': 'small', 'parallel_execution': False, 'cached': False, 'modular_architecture': True, 'version': '2.0.0'}",Analisis komprehensif tentang perlindungan hukum bagi pasien dan tenaga kesehatan dalam sistem kesehatan nasional,komprehensif,very_hard,"['perlindungan hukum', 'pasien', 'tenaga kesehatan', 'sistem kesehatan']",1.0,0.8,1.0,0.9333333333333332
True,"Perlindungan hukum bagi pasien dan tenaga kesehatan dalam sistem kesehatan nasional diatur secara komprehensif dengan fokus pada kewajiban, hak, dan jaminan hukum bagi kedua pihak.

1. **Perlindungan Hukum bagi Tenaga Kesehatan**  
   Tenaga medis dan tenaga kesehatan berhak mendapatkan pelindungan hukum sepanjang menjalankan tugas sesuai standar profesi, standar pelayanan, prosedur operasional, dan etika profesi serta kebutuhan kesehatan pasien. Perlindungan ini bertujuan memberikan kepastian hukum, menjamin tenaga kesehatan bekerja tanpa paksaan atau ancaman, serta sesuai dengan kewenangan dan kompetensi profesinya.  
   Selain itu, tenaga kesehatan berhak mendapatkan pelindungan atas keselamatan, kesehatan kerja, keamanan, jaminan kesehatan, jaminan ketenagakerjaan, serta perlindungan dari perlakuan yang merendahkan harkat dan martabat manusia.  
   Dalam hal tenaga kesehatan melaporkan dugaan tindak pidana yang terjadi pada pasien, mereka wajib mendapatkan pelindungan hukum agar tidak mengalami intimidasi atau tekanan hukum.

2. **Kewajiban Tenaga Kesehatan dalam Memberikan Pelayanan**  
   Tenaga medis dan tenaga kesehatan wajib memberikan pelayanan sesuai standar profesi, standar pelayanan, prosedur operasional, dan etika profesi serta kebutuhan pasien. Mereka juga wajib memperoleh persetujuan dari pasien atau keluarganya sebelum tindakan, menjaga rahasia kesehatan pasien, membuat dan menyimpan catatan pemeriksaan, serta merujuk pasien ke tenaga kesehatan lain yang kompeten jika diperlukan.  
   Rahasia kesehatan pasien dijaga ketat, namun dapat dibuka untuk kepentingan penegakan hukum, penanggulangan wabah, pendidikan terbatas, dan perlindungan terhadap ancaman keselamatan orang lain.

3. **Perlindungan Hukum bagi Pasien**  
   Pasien dilindungi melalui kewajiban tenaga kesehatan untuk menjaga kerahasiaan data kesehatan dan mendapatkan persetujuan sebelum tindakan medis dilakukan, yang menjamin hak pasien atas informasi dan perlakuan yang sesuai standar profesi dan etika.  
   Selain itu, tenaga kesehatan wajib melaporkan dugaan tindak pidana yang terjadi pada pasien, yang sekaligus menjadi mekanisme perlindungan pasien dari tindakan yang melanggar hukum.

4. **Jaminan Hak dan Kewajiban yang Seimbang**  
   Sistem perlindungan hukum ini menyeimbangkan hak dan kewajiban antara pasien dan tenaga kesehatan, dengan memberikan kepastian hukum dan perlindungan bagi tenaga kesehatan agar dapat bekerja profesional tanpa rasa takut, serta menjamin hak pasien atas pelayanan yang bermutu dan rahasia kesehatan yang terjaga.

Kesimpulannya, perlindungan hukum dalam sistem kesehatan nasional mengatur secara rinci hak dan kewajiban tenaga kesehatan dan pasien, menjamin pelaksanaan pelayanan kesehatan yang profesional, aman, dan bermartabat, serta memberikan jaminan hukum bagi tenaga kesehatan dalam menjalankan tugasnya sesuai standar yang berlaku.

Sumber:
- PP No. 28 Tahun 2024 Pasal 721 dan Pasal 735
- UU No. 17 Tahun 2023 Pasal 302
- PP No. 28 Tahun 2024 Pasal 722",108017,multi,large,3013,388,5,3,"{'model': 'large', 'parallel_execution': False, 'cached': False, 'modular_architecture': True, 'version': '2.0.0'}",Analisis komprehensif tentang perlindungan hukum bagi pasien dan tenaga kesehatan dalam sistem kesehatan nasional,komprehensif,very_hard,"['perlindungan hukum', 'pasien', 'tenaga kesehatan', 'sistem kesehatan']",1.0,1.0,1.0,1.0
True,"Berdasarkan PP No. 28 Tahun 2024 (berlaku) Pasal 1149, PP No. 7 Tahun 1987 (berlaku) Pasal 21 dan Pasal 13, serta PP No. 61 Tahun 2014 (dicabut) Pasal 50, koordinasi antar lembaga dalam pengawasan praktik kedokteran di era otonomi daerah dapat dijelaskan sebagai berikut:

1. **Pengawasan Terpadu oleh Pemerintah Pusat dan Daerah**  
   - PP No. 28 Tahun 2024 Pasal 1149 mengatur bahwa pengawasan penyelenggaraan kesehatan dilakukan oleh Menteri, gubernur, dan bupati/walikota. Pengawasan ini bertujuan mengendalikan penyelenggaraan pelayanan kesehatan agar efektif, efisien, dan sesuai ketentuan peraturan perundang-undangan.  
   - Pengawasan dilakukan melalui berbagai metode seperti pemantauan, evaluasi, pemeriksaan, reviu, dan audit.  
   - Dalam pelaksanaan pengawasan, Menteri, gubernur, atau bupati/walikota dapat dibantu tenaga pengawas bidang kesehatan yang diangkat oleh masing-masing pejabat tersebut (Pasal 1149 ayat 4 dan 5).

2. **Pelibatan Organisasi Profesi dan Masyarakat**  
   - PP No. 28 Tahun 2024 Pasal 1149 ayat (6) dan (7) menyatakan bahwa pengawasan dapat melibatkan Konsil Kedokteran, Kolegium, majelis disiplin profesi, organisasi profesi, organisasi kemasyarakatan, akademisi, pakar, dan masyarakat.  
   - Hal ini menunjukkan adanya koordinasi lintas lembaga dan partisipasi masyarakat dalam pengawasan praktik kedokteran.

3. **Peran Pemerintah Daerah dalam Pengawasan**  
   - PP No. 7 Tahun 1987 Pasal 21 menegaskan bahwa pemerintah daerah mengadakan pengawasan atas kesehatan di wilayahnya sesuai petunjuk Menteri Kesehatan.  
   - Pemerintah daerah dapat membentuk Dinas Kesehatan sebagai unsur pelaksana pengawasan di daerah (Pasal 13 ayat 1).  
   - Pembentukan unit pelaksana teknis di daerah disesuaikan dengan beban tugas dan anggaran yang tersedia (Pasal 13 ayat 2).

4. **Koordinasi antara Tingkat Pemerintah**  
   - Meskipun PP No. 61 Tahun 2014 Pasal 50 sudah dicabut, pada masa berlakunya mengatur bahwa Menteri, Gubernur, dan Bupati/Walikota melakukan pengawasan bersama dan dapat mengikutsertakan organisasi profesi dan asosiasi bidang kesehatan.  
   - Prinsip koordinasi ini tetap relevan dan diperkuat dalam PP No. 28 Tahun 2024 yang masih berlaku.

**Kesimpulan:**  
Koordinasi pengawasan praktik kedokteran di era otonomi daerah dilakukan secara terintegrasi antara pemerintah pusat (Menteri Kesehatan), pemerintah provinsi (Gubernur), dan pemerintah kabupaten/kota (Bupati/Walikota). Pengawasan dilakukan dengan melibatkan tenaga pengawas bidang kesehatan yang diangkat oleh masing-masing tingkat pemerintahan, serta melibatkan organisasi profesi, pakar, dan masyarakat. Pemerintah daerah memiliki peran penting melalui Dinas Kesehatan sebagai pelaksana pengawasan di daerah sesuai petunjuk dan standar yang ditetapkan oleh pemerintah pusat. Mekanisme ini menjamin pengawasan yang efektif dan sesuai dengan ketentuan perundang-undangan di bidang kesehatan.",21295,simple,small,2911,376,4,1,"{'model': 'text-embedding-3-small', 'table': 'documents_small', 'dimensions': 1536}",Bagaimana koordinasi antar lembaga dalam pengawasan praktik kedokteran di era otonomi daerah?,koordinasi,very_hard,"['koordinasi', 'pengawasan', 'otonomi daerah']",1.0,1.0,1.0,1.0
True,"Berdasarkan UU No. 17 Tahun 2023 Pasal 421 (berlaku) dan PP No. 28 Tahun 2024 Pasal 1149 (berlaku), koordinasi antar lembaga dalam pengawasan praktik kedokteran di era otonomi daerah dilakukan dengan mekanisme sebagai berikut:

1. **Peran Pemerintah Pusat dan Pemerintah Daerah**  
   - Pemerintah Pusat dan Pemerintah Daerah secara bersama-sama melakukan pengawasan terhadap penyelenggaraan pelayanan kesehatan, termasuk praktik kedokteran (UU No. 17 Tahun 2023 Pasal 421 ayat (1)).  
   - Pengawasan ini meliputi ketaatan terhadap peraturan perundang-undangan, standar profesi, standar pelayanan, etika dan disiplin profesi, dampak pelayanan tenaga medis, evaluasi kepuasan masyarakat, serta akuntabilitas penyelenggaraan upaya kesehatan (Pasal 421 ayat (2)).  
   - Pengawasan dapat melibatkan masyarakat sebagai bagian dari mekanisme kontrol (Pasal 421 ayat (3)).

2. **Koordinasi Secara Berkala dan Berkelanjutan**  
   - PP No. 28 Tahun 2024 Pasal 493 (berlaku) menegaskan bahwa Pemerintah Pusat dan Pemerintah Daerah wajib melakukan koordinasi secara berkala dan berkelanjutan dalam pelaksanaan pelayanan kesehatan, termasuk aspek pengawasan.  
   - Pemerintah Pusat bertanggung jawab menetapkan norma, standar, prosedur, dan kriteria serta melakukan fasilitasi dan pemantauan kualitas pelayanan kesehatan.  
   - Pemerintah Daerah bertanggung jawab menyusun kebijakan di tingkat provinsi dan kabupaten/kota dengan berpedoman pada ketentuan pusat, serta melakukan perizinan praktik dan pemantauan kualitas pelayanan kesehatan.

3. **Pelaksanaan Pengawasan dan Pembinaan**  
   - Pengawasan dilakukan melalui pemantauan, evaluasi, pemeriksaan, reviu atau audit, dan bentuk pengawasan lain yang diperlukan (PP No. 28 Tahun 2024 Pasal 1149 ayat (3)).  
   - Menteri, gubernur, atau bupati/wali kota dapat dibantu tenaga pengawas bidang kesehatan yang diangkat oleh masing-masing pejabat tersebut (Pasal 1149 ayat (4) dan (5)).  
   - Pengawasan dapat melibatkan berbagai pihak seperti konsil profesi, majelis disiplin, organisasi profesi, akademisi, dan masyarakat (Pasal 1149 ayat (6) dan (7)).

4. **Pengawasan Kendali Mutu dan Biaya**  
   - Sesuai UU No. 17 Tahun 2023 Pasal 303 (berlaku), setiap tenaga medis wajib melaksanakan kendali mutu dan kendali biaya dalam pelayanan kesehatan dengan memperhatikan keselamatan pasien.  
   - Pembinaan dan pengawasan terhadap kendali mutu dan biaya menjadi tanggung jawab bersama Pemerintah Pusat dan Pemerintah Daerah.

**Kesimpulan:**  
Koordinasi antar lembaga dalam pengawasan praktik kedokteran di era otonomi daerah dilakukan melalui sinergi antara Pemerintah Pusat dan Pemerintah Daerah yang meliputi penetapan norma dan standar oleh pusat, pelaksanaan kebijakan dan pengawasan di daerah, serta keterlibatan berbagai pihak termasuk masyarakat dan organisasi profesi. Pengawasan dilakukan secara berkala, berkelanjutan, dan komprehensif dengan mekanisme yang melibatkan audit, evaluasi, dan pembinaan untuk memastikan pelayanan kedokteran berjalan sesuai ketentuan perundang-undangan dan standar profesi.

Demikian penjelasan berdasarkan ketentuan UU No. 17 Tahun 2023 Pasal 421 dan 303 serta PP No. 28 Tahun 2024 Pasal 493 dan 1149 (semua berlaku).",18699,simple,large,3205,416,4,1,"{'model': 'text-embedding-3-large', 'table': 'documents', 'dimensions': 3072}",Bagaimana koordinasi antar lembaga dalam pengawasan praktik kedokteran di era otonomi daerah?,koordinasi,very_hard,"['koordinasi', 'pengawasan', 'otonomi daerah']",1.0,1.0,1.0,1.0
True,Agent stopped due to max iterations.,83522,multi,small,36,6,6,6,"{'model': 'small', 'parallel_execution': False, 'cached': False, 'modular_architecture': True, 'version': '2.0.0'}",Bagaimana koordinasi antar lembaga dalam pengawasan praktik kedokteran di era otonomi daerah?,koordinasi,very_hard,"['koordinasi', 'pengawasan', 'otonomi daerah']",0.0,0.0,0.036,0.011999999999999999
True,Agent stopped due to max iterations.,118600,multi,large,36,6,7,6,"{'model': 'large', 'parallel_execution': False, 'cached': False, 'modular_architecture': True, 'version': '2.0.0'}",Bagaimana koordinasi antar lembaga dalam pengawasan praktik kedokteran di era otonomi daerah?,koordinasi,very_hard,"['koordinasi', 'pengawasan', 'otonomi daerah']",0.0,0.0,0.036,0.011999999999999999
